Audio / Video,Show,Tour,Date,Matinée / Evening,Master,Cast,Master Notes,Trading Notes,NFT Date,NFT Forever,Not For Sale,Gifting Status,Limited Trade Status,Type,Release Format,Trader Format,My Notes,Amount Recorded,Venue,City,Collected,Link,File Size,Format
Video,The 25th Annual Putnam County Spelling Bee,Off-Broadway Revival,"December, 2025",Matinee,The Riddle,"Lilli Cooper (Rona Lisa Peretti), Jasmine Rogers (Olive Ostrovsky), Kevin McHale (William Barfée), Autumn Best (Logainne Schwartzandgrubenierre), Matt Manuel (Mitch Mahoney), Justin Cooley (Leaf Coneybear), Leana Rae Concepcion (Marcy Park), Philippe Arroyo (Chip Tolentino), Jason Kravits (Douglas Panch), Michael Urie (g/p Guest Speller)","Good 4k capture of this fun show! Shot in a mix of mediums, wides, and closeups, with some more wide shots to emphasize the ensemble nature of the piece. Starts slightly after Lilli's entrance, with the first thirty seconds of video blacked out, and another blackout about 10 minutes in, when the audience was asked to stand up. Shot over the mezzanine ledge to the best of my ability, but it appears in most wide shots. Some shakiness from readjusting the frame every so often to ensure the ledge's presence was minimal, and actor's feet can be blocked off by it, but most mediums and closeups are not affected. I was sitting next to perhaps the loudest laugher in the entire world, apologies about that. Includes bows.",,2026-07-01,,,Gift at your Discretion,Unrestricted,Bootleg,"MP4 (8.27 GB, 4K)",,,Full Show,New World Stages - Stage 3,"New York, NY",2026-08-08,https://encora.it/recordings/2026632/,8.27 GB,MP4
Video,42 Balloons,Chicago Shakespeare Theater,"May, 2025",Evening,allisforgiven,"Charlie McCullagh (Larry), Evelyn Hoskins (Carol), Lisa Howard (Carol's Mom), Akron Watson (Ron), Austin Nelson Jr. (Letterman), Minju Michelle Lee (The Kid), Daniel Assetta (Air Traffic Controller), Kailin Brown (Ensemble), Devin Cortez (Ensemble), Cameron Anika Hill (Ensemble), Josh Hoon Lee (Ensemble), Morgan Schoenecker (Ensemble)","Great close up stage shot of the US premiere of this new musical. There is one prominent head always in the frame but never really obstructing any action. This show is very bright, but the video never reaches the point of washout. A few moments of blurriness in act two. Includes subtitles!",,2026-02-21,,,Never Gift,Unrestricted,Bootleg,MP4 8.12 GB,MP4 [ 8.12 GB ],,Full Show,Chicago Shakespeare Theater,"Chicago, IL",2026-08-08,https://encora.it/recordings/2017655/,8.12 GB,MP4
Video,Aida,Broadway,"March 29, 2000",Matinee,Major,"Heather Headley (Aida), Adam Pascal (Radames), Sherie Rene Scott (Amneris), John Hickok (Zoser), Damian Perkins (Mereb), Schele Williams (Nehebka)",,"Excellent capture with many great close ups. Shot at a 2 pm show by Major. A

Multiple copies circulate:

VOB + Smalls (4.26 GB) - 2 discs and has a lot of generational loss.
VOB + Smalls (2.21 GB) - Better copy however the color is off and the picture has some bending across the screen in wide shots.
VOB + Smalls (2.49 GB) - 2nd Generation copy, rare in this condition and was received from SunsetBlvd79’s collection. Much better copy with great colors though it still isn’t as clear as the master copy which isn’t circulating. 

Screenshots below are from the 2nd Generation copy
",,,,Gift at your Discretion,Unrestricted,Bootleg,{2nd Generation copy} - VOB + Smalls (2.49 GB),,,Full Show,Palace Theatre,"New York, NY",2026-07-29,https://encora.it/recordings/2350/,2.21 GB,VOBs + smalls
Video,Alice By Heart,Off-Broadway,"March, 2019",Unknown,StarCuffedJeans,"Molly Gordon (Alice Spencer/Alice), Colton Ryan (Alfred Hallam/White Rabbit/March Hare), Kim Blanck (Tabatha/Cheshire Cat/Caterpillar 2), Noah Galvin (Dodgy/Duchess/Dodo/Mock Mock Mock Mock Turtle), Grace McLean (Red Cross Nurse/Queen of Hearts/Magpie), Andrew Kober (Dr. Butridge/King of Hearts/Jabberwocky/Duck/Mock Turtle), Wesley Taylor (Harold Pudding/Mad Hatter/Knave of Spades/Pigeon/Mock Mock Turtle), Catherine Ricafort (Clarissa/Queen of Diamonds/Canary/Mock Mock Mock Turtle), Heath Saunders (Angus/Caterpillar/Knave of Hearts), Z Infante (Nigel/Dormouse/Knave of Clubs/Eaglet), Mia DiLena (Ensemble), Zachary Downer (Ensemble)",,"Really beautiful shot in an intimate space. Lots of zooms, but a good amount of wider shots too with a very limited (almost nonexistent) amount of heads. The lighting in this theater really liked my camera and I know the show almost “by heart” so I think I followed the action as well as possible. My battery died during the last song, but it starts at the very beginning with only one drop out during dialogue.",2019-08-18,,,Gift at your Discretion,Unrestricted,Bootleg,,,,Full Show,MCC Theater - The Newman Mills Theater,"New York, NY",2026-07-19,https://encora.it/recordings/8398/,6.54GB,MP4
Video,All The Devils Are Here,Shakespeare Theatre Company,2021,Unknown,,Patrick Page (Performer),,"From the STC website: Macbeth. Iago. Claudius. STC Affiliated Artist Patrick Page invites you to experience the evolution of evil in Shakespeare’s villains—from rogues and cutthroats to tyrants and sociopaths. Patrick Page explores how Shakespeare created the treacherous characters we all love to hate. This mesmerizing one-man performance is available online only.
The exact recording date is unclear, but it was available to view online starting on February 4, 2021.",,,,Gift at your Discretion,Unrestricted,Pro-Shot,,MP4 [ 2.53 GB ],,Full Show,Shakespeare Theatre Company,"Washington, DC",2026-08-12,https://encora.it/recordings/1133570/,2.53 GB,MP4
Video,Almost Famous,Broadway,"November, 2022",Unknown,Lasagna,"Casey Likes (William Miller), Solea Pfeiffer (Penny Lane), Van Hughes (u/s Russell Hammond), Anika Larsen (Elaine Miller), Drew Gehling (Jeff Bebe), Rob Colletti (Lester Bangs), Julia Cassandra (Estrella), Jana Djenne Jackson (Polexia), Matt Bittner (Larry Fellows), Katie Ladner (Sapphire), Danny Lindgren (s/w David Felton), Jakeim Hart (Dennis Hope), Gerard Canonico (Dick Roswell), Emily Schultheis (Anita Miller), Brandon Contreras (Silent Ed Vallencourt), Chad Burris (Vic Nettles), Daniel Sovich (Darryl), Libby Winters (Leslie)",,Brilliant capture of this show! Unobstructed aside from minor disruption in the final scenes due to people leaving early.,2023-12-29,,,Gift at your Discretion,Unrestricted,Bootleg,MP4 (4K),MP4 [ 9.3 GB ],,Full Show,Bernard B. Jacobs Theatre,"New York, NY",2026-08-11,https://encora.it/recordings/1135039/,9.3 GB,MP4
Video,Amélie,Broadway,"March 29, 2017",Evening,SunsetBlvd79,"Phillipa Soo (Amélie Poulain), Adam Chanler-Berat (Nino Quincampoix), Tony Sheldon (Raymond Dufayel/Collignon), Manoel Felciano (Raphaël Poulain/Bretodeau), Alison Cimmet (Amandine Poulain/Philomene), Savvy Crawford (Young Amélie), Alyse Alan Louis (Georgette/Sylvie/Collignon's Mother), Harriett D. Foy (Suzanne), Heath Calvert (Lucien/Mysterious Man/Adrien Wells), Maria-Christina Oliveras (Gina), Randy Blair (Elton John/Hipolito/Suicidal Tourist), Paul Whitty (Fluffy/Collignon's Father/Joseph), David Andino (Blind Beggar/Garden Gnome)",,Excellent HD capture of the new whimsical musical. The entire cast gives great performances in this fun and sweet tale of a dreamer! A-,,,,Gift at your Discretion,Unrestricted,Bootleg,,VOBS+ smalls [ 6.27 GB ],,Full Show,Walter Kerr Theatre,"New York, NY",2026-08-08,https://encora.it/recordings/1345/,6.27 GB,VOBS
Video,American Idiot,Deaf West Theatre,"October, 2024",Evening,MTTZ,"Daniel Durant (Johnny), Milo Manheim (Voice of Johnny), Landen Gonzales (Tunny), Brady Fritz (Voice of Tunny), Otis Jones IV (Will), James Olivas (Voice of Will), Ali Fumiko Whitney (Heather), Mason Alexander Park (St. Jimmy), Mars Storm Rucker (Whatsername), Kaia Fitzgerald (The Extraordinary Girl), Jerusha Cavazos (Voice of Extraordinary Girl), Will Branner (Favorite Son), Monika Peña (Alysha), Steven-Adam Agdeppa (Ensemble), Lark Detweiler (Ensemble), Josué Martinez (Ensemble), Angel Theory (Ensemble), Mia Sempertegui (Ensemble)","Excellent capture of this incredibly transformative production in previews! Shot in a great mix of wides, mediums, and close-ups, wider than usual overall due to the nature of the staging. Obstruction on the bottom left of the stage that only blocks some minor action and is worked around well. Some wandering, shaking, and re-adjusting throughout. A couple of brief dropouts. Does not include the post-bows song. Audio is patched in from an external source. Overall a wonderful capture.",,2025-04-05,,,Gift at your Discretion,Unrestricted,Bootleg,,,,Full Show,Mark Taper Forum,"Los Angeles, CA",2026-07-30,https://encora.it/recordings/2005539/,7.77 GB,MP4
Video,American Psycho,Houston Broadway Theatre,"September, 2025",Unknown,The Riddle,"Robert Lenzi (Patrick Bateman), Chiara Trentalange (Jean), Paul Schwensen (Paul Owen), Kaye Tuckerman (Mrs. Bateman/Mrs. Wolfe/Svetlana), Kiser Shelton (David Van Patten), Iván Moreno (Luis Carruthers), Bella Ibis Valdes (Victoria), Morgan E. Kyle (Sabrina), Ethan Achee (Sean Bateman), Owen Claire Smith (Evelyn Williams), Kathy Liu (Vanden), Tyce Green (Timothy Price), Bianca Mio (Christine), Michael Evan Williams (Craig McDermott), Jacquelyne Paige (Courtney Lawrence), Ronnie Blaine (Detective Donald Kimball), Hope Easterbrook (s/w Ensemble)","Excellent 4k capture of the reworked version of this show. Shot with a mix of mediums, wides, and close-ups. Some issues with tilt, shakiness, wandering, and focus, but almost no washout, and no obstruction. Content warning for graphic depiction of murder and sexual violence. Includes bows.",,2026-06-02,,,Never Gift,Unrestricted,Bootleg,"MP4 (12.18 GB, 4K)",,,Full Show,,,2026-07-30,https://encora.it/recordings/2025289/,12.18 GB,MP4
Video,American Psycho,Off-West End Revival,"February, 2026",Unknown,MTTZ,"Arty Froushan (Patrick Bateman), Anastasia Martin (Jean), Daniel Bravo (Paul Owen), Kim Ismay (Mrs. Bateman), Posi Morakinyo (David Van Patten), Zheng Xi Yong (Luis Carruthers), Asha Parker-Wallace (Victoria/Ensemble), Millie Mayhew (Sabrina/Ensemble), Alex James-Hatton (Sean Bateman), Emily Barber (Evelyn Williams), Oli Higginson (Timothy Price), Hannah Yun Chamberlain (Christine/Ensemble), Jack Butterworth (Craig McDermott), Tanisha Spring (Courtney Lawrence), Joseph Mydell (Detective Donald Kimball), Liz Kamille (Ensemble), Samuel J Weir (Ensemble)","Great capture of this fantastic revival! Shot in a great mix of wides, mediums, and close-ups, with an emphasis on wides due to the nature of the staging. Some wandering, shaking, and re-adjusting throughout. Some obstruction on the bottom and right hand corner of the stage, it blocks a bit of action but is worked around well. Audio is patched in from an external source; some scraping and rustling might be heard during readjustment periods. Overall a great capture of this cult classic musical!",,2026-08-05,,,Never Gift,Unrestricted,Bootleg,MP4 (4K),MP4 (4K) [ 10.29 GB ],,Full Show,Almeida Theatre,"London, United Kingdom",2026-08-08,https://encora.it/recordings/2029415/,10.29 GB,MP4
Video,Anastasia,Broadway,"September 17, 2017",Evening,NYCG8R,"Christy Altomare (Anya), Derek Klena (Dmitry), Ramin Karimloo (Gleb Vaganov), John Bolton (Vlad Popov), Caroline O'Connor (Countess Lily Malevsky-Malevitch), Mary Beth Peil (Dowager Empress Maria Feodorovna), Molly Rushing (Young Anastasia/Paulina), Nicole Scimeca (Little Anastasia/Prince Alexei Romanov), Constantine Germanacos (Tsar Nicholas II/Count Ipolitov), Lauren Blackman (Tsarina Alexandra), Shina Ann Morris (Tatiana Romanov/Dunya), Allison Walsh (Olga Romanov/Odette in Swan Lake), Sissy Bell (Marfa/Maria Romanov), Ken Krugman (Count Leopold/Gorlinsky), Janet Dickinson (Countess Gregory), Kyle Brown (Prince Siegfried in Swan Lake), James A. Pierce III (Von Rothbart in Swan Lake), Wes Hart (Russian Doorman)",,Actors Benefit Performance. Includes post-show speeches.,,,,Gift at your Discretion,Unrestricted,Bootleg,,VOBs [ 4.22 GB ],,Full Show,Broadhurst Theatre,"New York, NY",2026-08-08,https://encora.it/recordings/369/,4.22 GB,VOBS
Video,Avenue Q,Broadway,"July 16, 2004",Evening,Unknown,"John Tartaglia (Princeton/Rod), Stephanie D'Abruzzo (Kate Monster/Lucy the Slut), Rick Lyon (Nicky/Trekkie Monster/Bad Idea Bear), Jennifer Barnhart (Bad Idea Bear/Mrs. Thistletwat), Natalie Venetia Belcon (Gary Coleman), Ann Harada (Christmas Eve), Jordan Gelber (Brian), Peter Linz (Ensemble)",,"Filmed from the left balcony, good camera, good sound. Beautiful close-ups, especially for 2004. For sure the best OBC recording. A.

There appear to be two separate folder structures floating around for this one. One with the correct smalls, which load a menu displaying Act I and Act II, and one with corrupted smalls, which load up a single blue-and-violet DVD menu.",,,,Gift at your Discretion,Unrestricted,Bootleg,, VOBs + smalls [3.84 GB] + MP4 [1.40 GB],,Full Show,John Golden Theatre,"New York, NY",2026-08-08,https://encora.it/recordings/1000581/,3.84 GB,VOBS
Audio,Avenue Q,First West End Revival,"July 9, 2026",Matinee,bobbyskazoo,"Noah Harrison (Princeton/Rod), Meg Hateley (u/s Kate Monster/u/s Lucy the Slut), Charlie McCullagh (Nicky/Trekkie Monster/Bad Idea Bear), Jasmine Beel (s/w Bad Idea Bear/s/w Mrs. Thistletwat), Dionne Ward-Anderson (Gary Coleman), Amelia Kinu Muus (Christmas Eve), Oliver Jacobson (Brian), Angelis Hunt (Ensemble), Lesley Lemon (Ensemble), Jessica Niles (Ensemble)","<p>Clear audio recorded from the front stalls; includes bried curtain call speech about the extension and playout.</p><p><br> </p><p>Do not post on any platform (TikTok, Tumblr, YouTube, Reddit, etc.). Please list as bobbyskazoo’s master. Feel free to trade as normal; never to be gifted or sold.</p>",,,,NFS,Never Gift,Unrestricted,Bootleg,M4A (untracked) - 348.8 MB,,,Full Show,Shaftesbury Theatre,"London, United Kingdom",2026-07-26,https://encora.it/recordings/2035563/,348.8 MB,M4A
Video,Back to the Future: The Musical,Broadway,"July 1, 2023",Evening,bikinibottomday,"Casey Likes (Marty McFly), Roger Bart (Doc Brown), Hugh Coles (George McFly), Liana Hunt (Lorraine Baines), Nathaniel Hackmann (Biff Tannen), Jelani Remy (Goldie Wilson/Marvin Berry), Merritt David Janes (Principal Strickland/Lou), Mikaela Secada (Jennifer Parker), Amber Ardolino (Linda McFly), Daryl Tofa (Dave McFly/Slick), Victoria Byrd (Betty), Becca Petersen (Babs), Will Branner (3D), Jonalyn Saxer (Clocktower Woman/Spokesperson), Nick Drake (Reginald), Brendon Chan (Ensemble), Joshua Kenneth Allen Johnson (s/w Ensemble), Marc Heitzman (Ensemble), Hannah Kevitt (Ensemble), JJ Niemann (Ensemble), Emma Pittman (Ensemble)","<p>Excellent 4K capture of this show's third preview! Heads are visible along the bottom, but only the left side has some obstruction. A little action is blocked off, mostly when characters are sitting or laying down on the floor. Some wandering / readjustment and unfocusing throughout, and the beginning of act two is especially messy. Some washout on wider shots. Some overloaded audio from cheering. Includes curtain call and encore sequence, audio is fed from external source.</p>",<p>Joshua was on for Kevin Curtis's track.</p>,2023-12-02,,,Never Gift,Unrestricted,Bootleg,MP4 (4K) - 10.37 GB,MP4 (4K) [ 10.37 GB ],,Full Show,Winter Garden Theatre,"New York, NY",2026-08-12,https://encora.it/recordings/1145151/,10.37 GB,MP4
Video,Back to the Future: The Musical,Broadway,"July, 2023",Unknown,StarCuffedJeans,"Casey Likes (Marty McFly), Roger Bart (Doc Brown), Hugh Coles (George McFly), Liana Hunt (Lorraine Baines), Nathaniel Hackmann (Biff Tannen), Jelani Remy (Goldie Wilson/Marvin Berry), Merritt David Janes (Principal Strickland/Lou), Mikaela Secada (Jennifer Parker), Amber Ardolino (Linda McFly), Daryl Tofa (Dave McFly/Slick), Victoria Byrd (Betty), Becca Petersen (Babs), Will Branner (3D), Jonalyn Saxer (Clocktower Woman/Spokesperson), Nick Drake (Reginald), Brendon Chan (Ensemble), Kevin Curtis (Ensemble), Marc Heitzman (Ensemble), Hannah Kevitt (Ensemble), JJ Niemann (Ensemble), Emma Pittman (Ensemble)",it's george mcfly day,,2024-10-01,,,Gift at your Discretion,Unrestricted,Bootleg,MP4 (HD) - 6.2 GB,,,Full Show,Winter Garden Theatre,"New York, NY",2026-07-19,https://encora.it/recordings/1157312/,6.2 GB,MP4 (HD)
Video,Bad Cinderella,Broadway,"February 17, 2023",Evening,Medium Observation,"Linedy Genao (Cinderella), Jordan Dobson (Prince Sebastian), Grace McLean (The Queen), Carolee Carmello (The Stepmother), Sami Gayle (Adele), Morgan Higgins (Marie), Christina Acosta Robinson (The Godmother), Cameron Loyal (Prince Charming), Josh Drake (Arthur), Dave Schoonover (Dorian), J Savage (Gawain), Mike Baerga (Ensemble), Raymond Baynard (Ensemble), Lauren Boyd (Ensemble), Kaleigh Cronin (Ensemble), Ben Lanham (Ensemble), Ángel Lozada (Ensemble), Mariah Lyttle (Ensemble), Sarah Meahl (Ensemble), Christian Probst (Ensemble), Larkin Reilly (Ensemble), Julio Rey (Ensemble), Lily Rose (Ensemble), Tregoney Shepherd (Ensemble), Paige Smallwood (Ensemble), Aléna Watters (Ensemble)","First performance! Near flawless video, besides some washout in wideshots and shakiness at times. Very minimal obstruction, if any at all.",,2023-09-01,,,Gift at your Discretion,Unrestricted,Bootleg,,MP4 [ 10.23 GB ],,Full Show,Imperial Theatre,"New York, NY",2026-08-02,https://encora.it/recordings/1139078/,10.23 GB,MP4
Video,The Band's Visit,Off-West End,"October, 2022",Unknown,Jagweed,"Miri Mesika (Dina), Alon Moni Aboutboul (Tewfiq), Marc Antolin (Itzik), Sharif Afifi (Haled), Harel Glazer (Papi), Ashley Margolis (Telephone Guy), Peter Polycarpou (Avrum), Ido Gonen (Sammy), Carlos Mendoza de Hevia (Camal), Maya Kristal Tenenbaum (Julia), Levi Goldmeier (Zelger), Michal Horowicz (Iris), Yali Topol Margalith (Anna), Shira Kravitz (u/s Sammy's Wife), Sargon Yelda (Simon), Ant Romero (The Band), Andy Findon (The Band), Idlir Shyti (The Band), Baha Yetkin (The Band)",,Pretty much a perfect capture of this show. The speaker obstructs the view once or twice. A head is sometimes in the frame but doesn’t block anything important. You are sometimes seeing the back of an actor’s head due to the blocking. This is temporary as there is a revolve and the actors play to the entire theatre when they can. Recording includes the curtain call and a shot of the outside of the theatre.,2023-06-21,,NFS,Gift at your Discretion,Unrestricted,Bootleg,MP4 (HD) - 7.38 GB,,,Full Show,Donmar Warehouse,"London, United Kingdom",2026-07-30,https://encora.it/recordings/1135031/,7.38 GB,MP4
Video,The Band's Visit,First US National Tour,"June 19, 2022",Matinee,shesmydoctor,"Janet Dacal (Dina), Sasson Gabai (Tewfiq), Nick Sacks (s/b Itzik), Ali Louis Bourzgui (Haled), Coby Getzug (Papi), Joshua Grosso (Telephone Guy), David Studwell (Avrum), Marc Ginsburg (Sammy), Ramin Dustdar (s/b Camal), Hannah Shankman (s/b Julia), Billy Cohen (Zelger), Dana Saleh Omar (s/b Iris), Ariel Reich (Anna), James Rana (Simon), Yoni Avi Battat (The Band), Roger Kashou (The Band), Brian Krock (The Band), Kane Mathis (The Band), Wick Simmons (The Band)",,"Shot from the orchestra and focused on small group shots, with some moderate close ups. A little bit of obstruction on the bottom-left side but nothing that blocks the action.",2022-12-08,,,Gift at your Discretion,Unrestricted,Bootleg,,MP4 [ 5.56 GB ],,Full Show,Hanover Theatre,"Worcester, MA",2026-08-08,https://encora.it/recordings/1135356/,5.56 GB,MP4
Video,Bare: A Pop Opera,London Palladium Concert,"April, 2024",Unknown,Lasagna,"Katie Ramshaw (Nadia McConnell), Jordan Luke Gage (Jason McConnell), Laurie Kynaston (Peter Simmonds), Frances Mayli McCann (Ivy Robinson), Ed Larkin (Matt Lloyd), Claudia Kariuki (Sister Chantelle), Adrian Hansel (Priest), Chrissie Bhima (Kyra), Cassidy Janson (Claire Simmonds), Jack Ofrecio (Zack), Emily Ooi (Diane Lee), Jason Battersby (Lucas Carter), Aoife Kenny (Tanya Garrett)",,Decent capture of this concert performance! Shot around (annoying) heads.,2025-07-29,,,Gift at your Discretion,Unrestricted,Bootleg,MP4 (4K),MP4 [ 8.59 GB ],,Full Show,London Palladium,"London, United Kingdom",2026-08-16,https://encora.it/recordings/1157887/,8.59 GB,MP4
Video,Bat Boy: The Musical,London Palladium Concert,"October, 2023",Unknown,Lasagna,"Jordan Luke Gage (Bat Boy), Victoria Hamilton-Barritt (Meredith Parker), Jodie Steele (Shelley Parker), Trevor Dion Nicholas (Dr. Parker), Gillian Kirkpatrick (Mrs. Taylor), Glenn Adamson (Rick Taylor), Scarlett Rousset (Ruthie Taylor), Edward Flynn Haddon (Ron Taylor), Tosh Wanogho-Maud (Reverend Hightower), Thomas Vernal (Sheriff Reynolds), Kyle Birch (Ned), Jenny O'Leary (Maggie), Rumi Sutton (Lorraine), Shane O'Riordan (Bud)",,Good capture of this one night only concert! One head obstructs the far left.,2024-10-31,,,Gift at your Discretion,Unrestricted,Bootleg,MP4 (4K),MP4 [ 7.09 GB ],,Full Show,London Palladium,"London, United Kingdom",2026-08-12,https://encora.it/recordings/1150302/,9.17 GB,MP4 (4K)
Video,Be More Chill,Broadway,"August 11, 2019",Matinee,notjustthespongenextdoor,"Will Roland (Jeremy Heere), George Salazar (Michael Mell), Stephanie Hsu (Christine Canigula), Jason Tam (The SQUIP), Lauren Marcus (Brooke Lohst), Katlyn Carlson (Chloe Valentine), Tiffany Mann (Jenna Rolan), Britton Smith (Jake Dillinger), Gerard Canonico (Rich Goranski), Jason SweetTooth Williams (Mr. Heere/Mr. Reyes/Scary Stockboy)",,Closing Night on Broadway! Fantastic HD stageshot from the rear right balcony without zooms. The action is caught really well and there is no washout. The cast were on top of their game for the final performance and includes the speeches after the show.,,,,Gift at your Discretion,Unrestricted,Bootleg,MP4 (HD) - 17.3 GB,,,Full Show,Lyceum Theatre [New York],"New York, NY",2026-07-19,https://encora.it/recordings/25887/,17.38 GB,MP4
Video,Becky Shaw,Broadway,"April 8, 2026",Matinee,angelofmusicishere,"Alden Ehrenreich (Max Garrett), Lauren Patten (Suzanna Slater), Madeline Brewer (Becky Shaw), Patrick Ball (Andrew Porter), Linda Emond (Susan Slater)",First show after opening. Well shot from orchestra. Brilliant cast. Act II is a revelation. ,,2027-04-08,,,Gift at your Discretion,Unrestricted,Bootleg,,,,Full Show,Helen Hayes Theatre,"New York, NY",2026-07-31,https://encora.it/recordings/2031558/,10.73 GB,MP4
Video,Beetlejuice,First US National Tour,"September 28, 2023",Evening,Medium Observation,"Justin Collette (Beetlejuice), Isabella Esler (Lydia Deetz), Megan McGinnis (Barbara Maitland), Will Burton (Adam Maitland), Jesse Sharp (Charles Deetz), Kate Marilley (Delia Deetz), Danielle Marie Gonzalez (Miss Argentina), Abe Goldfarb (Otho), Brian Vaughn (Maxie Dean), Kris Roberts (Maxine Dean/Juno), Jackera Davis (Girl Scout), Lee N. Price (Ensemble), Michael Biren (Ensemble), Juliane Godfrey (Ensemble), Kenway Hon Wai K. Kua (Ensemble), Sean McManus (Ensemble), Nevada Riley (Ensemble), Trevor Michael Schmidt (Ensemble), Jesse Jones (Ensemble)",,Decent front row phone boot. Wall in front cuts off some action but overall a fun close angle.,,,,Gift at your Discretion,Unrestricted,Bootleg,,MP4 [ 11.09 GB ],,Full Show,Washington Pavilion,"Sioux Falls, SD",2026-08-12,https://encora.it/recordings/1148608/,11.09 GB,MP4
Video,Beetlejuice,Broadway,"July, 2019",Unknown,StarCuffedJeans,"Alex Brightman (Beetlejuice), Sophia Anne Caruso (Lydia Deetz), Kerry Butler (Barbara Maitland), Rob McClure (Adam Maitland), Adam Dannheisser (Charles Deetz), Leslie Rodriguez Kritzer (Delia Deetz/Miss Argentina), Kelvin Moon Loh (Otho), Danny Rutigliano (Maxie Dean), Jill Abramovitz (Maxine Dean/Juno), Dana Steingold (Girl Scout)",,"Good HD capture from the right orchestra with beautiful zooms and way less obstruction than the March video. Please do not post screenshots of this video on Twitter ever. Gifs on Tumblr are okay after the NFT date, but don't go linking things to actors and shows.",2020-06-18,,,Gift at your Discretion,Unrestricted,Bootleg,MP4 (HD) - 5.63 GB,,,Full Show,Winter Garden Theatre,"New York, NY",2026-07-26,https://encora.it/recordings/26548/,5.63 GB,MP4 (HD)
Video,Bonnie and Clyde (Wildhorn),West End (First Season),"May, 2022",Unknown,hitmewithyourbethshot,"Frances Mayli McCann (Bonnie Parker), Jordan Luke Gage (Clyde Barrow), Natalie McQueen (Blanche Barrow), George Maguire (Buck Barrow), Cleve September (Ted Hinton), Ako Mitchell (Preacher)",,"MTS, shot around heads, colour-corrected by a friend. Two versions were sent out to people who purchased directly from the master - original files (13.92GB) and the colour-corrected ones (21.96).  Check with traders as the files now circulate separately.",2022-11-13,,,Gift at your Discretion,Unrestricted,Bootleg,MTS (1080p),,,Full Show,Arts Theatre,"London, United Kingdom",2026-08-02,https://encora.it/recordings/1126434/,21.96 GB,MTS (1080p)
Video,Bonnie and Clyde (Wildhorn),West End (Second Season),"March, 2023 (1)",Unknown,Lasagna,"Frances Mayli McCann (Bonnie Parker), Jordan Luke Gage (Clyde Barrow), Jodie Steele (Blanche Barrow), George Maguire (Buck Barrow), Cleve September (Ted Hinton), Dom Hartley-Harris (Preacher/Charlie/Prisoner)",,"Nice capture of the first preview at the Garrick! Insane energy from the audience after every song. Shot over a head that obstructs the very bottom of the stage, and some spotlight washout is present.",2023-12-29,,,Gift at your Discretion,Unrestricted,Bootleg,MP4 (4K),MP4 (4K) [ 9.05 GB ],,Full Show,Garrick Theatre,"London, United Kingdom",2026-08-11,https://encora.it/recordings/1140575/,9.05 GB,MP4
Video,The Book of Mormon,Third US National Tour (Non-Equity),"February, 2025",Unknown,MTTZ,"Sam McLellan (Elder Price), Diego Enrico (Elder Cunningham), Keke Nesbitt (Nabulungi), Craig Franke (Elder McKinley), Lamont J. Whitaker (Mafala Hatimbi), Dewight Braxton Jr. (General), Trevor Dorner (Mission President/Joseph Smith/Price's Father), Jarret Martin (Doctor), Jewell Noel (Mrs. Brown), Noah Silverman (Cunningham's Father), DeVon Wycovia Buchanan (Guard), Thomas Ed Purvis (Guard), Justin Forward (Guard), Kemari Bryant (Ensemble), Lars Hafell (Ensemble), Alesha Jeter (Ensemble), Vance Klassen (Ensemble), Evan Lennon (Ensemble), Joey Myers (Ensemble), Alexis Nwokoji (Ensemble), Dylan Knight Weaver (Ensemble), Brigham Williams (Ensemble), Chelsea M. Smith (s/w Ensemble)","Decent capture of this tour. Shot in a great mix of wides, mediums, and close-ups. Act 1 is unobstructed until “Two by Two” where there’s an ~2 minute blackout and then the video is shot between heads that annoyingly sometimes lean into each other to talk and briefly block some action - not too much is missed because of this but it can be annoying and causes some increased wandering and adjusting as I work on getting around it. Act 2 is less obstructed, but a bit shaky at times. Audio is patched in from an external source. Some disruptive audience noises. Overall a decent capture, though messier than usual for me.",,2025-08-05,,,Gift at your Discretion,Unrestricted,Bootleg,,MP4 [ 8.81 GB ],,Full Show,,,2026-08-12,https://encora.it/recordings/2010436/,8.81 GB,MP4
Video,Boop! The Musical,Broadway,"March, 2025",Unknown,MTTZ,"Jasmine Rogers (Betty Boop), Ainsley Melham (Dwayne), Faith Prince (Valentina), Stephen DeRosa (Grampy), Phillip Huber (Pudgy), Angelica Hale (Trisha), Erich Bergen (Raymond), Anastacia McCleskey (Carol Evans), Christian Probst (Malcolm Carter/Ironman Mascot), Ricky Schroeder (Clarence), Colin Bradbury (Arnie Finkle), Aubie Merrylees (Oscar Delacorte), Morgan McGhee (Cheryl King), Ryah Nixon (Ensemble), Daniel Castiglione (Ensemble), Lizzy Tucker (Ensemble), Derek Jordan Taylor (Ensemble), Gabriella Sorrentino (Ensemble), Nina Lafarga (Ensemble), RJ Higton (Ensemble), Rebecca Corrigan (Ensemble), Victoria Byrd (Ensemble), Joshua Burrage (Ensemble), Tristen Buettel (Ensemble), Lawrence Alexander (Ensemble)","Excellent capture of this wonderful new musical in the final week of previews! Shot with alternate camera in a great mix of wides, mediums, and close-ups; some washout can sometimes be seen on wider shots. Minor obstruction on the bottom that rarely cuts off action, it only obstructs when they lean forward which is almost immediately remedied, so the obstruction is well worked around. Some wandering, shaking, and re-adjusting throughout. Overall an excellent capture of Jasmine Amy Rogers’ star turn in this fun show!",,2025-10-05,,,Gift at your Discretion,Unrestricted,Bootleg,,,,Full Show,Broadhurst Theatre,"New York, NY",2026-07-26,https://encora.it/recordings/2012252/,9.31 GB,.MP4
Video,The Bridges of Madison County,Broadway,"March 9, 2014",Evening,SunsetBlvd79,"Kelli O'Hara (Francesca Johnson), Steven Pasquale (Robert Kincaid), Hunter Foster (Bud Johnson), Cass Morgan (Marge), Michael X. Martin (Charlie), Derek Klena (Michael Johnson), Caitlin Kinnunen (Carolyn Johnson), Whitney Bashor (Marian/Chiara)",,"Beautiful HD capture of this moving musical. Kelli and Steven do a divine job in the roles and the music is wonderfully written and performed. Really a nice piece of theatre! There are short blackouts in the beginning of Acts 1 and 2. Sometimes during Act 1, there is a head that blocks the right side of the stage and a bar on the left during the wide shots, but overall it's worked around pretty well and doesn't hide most of the action! There's significantly less blocking in Act 2. A",,,,Gift at your Discretion,Unrestricted,Bootleg,,VOBS + smalls [ 8.12 GB ],,Full Show,Gerald Schoenfeld Theatre,"New York, NY",2026-08-16,https://encora.it/recordings/381/,8.12 GB,VOBS
Video,Bring It On: The Musical,First US National Tour,"December 4, 2011",Evening,SunsetBlvd79,"Taylor Louderman (Campbell), Adrienne Warren (Danielle), Elle McLemore (Eva), Ryann Redmond (Bridget), Jason Gotay (Randall), Ariana DeBose (Nautica), Gregory Haney (La Cienega), Neil Haskell (Steven), Janet Krupin (Kylar), Kate Rockwell (Skylar), Nicolas Womack (Twig)",,From the National Tour that would eventually lead to a run on Broadway. An excellent capture of this new musical that was surprisingly a great time. A,,,,Gift at your Discretion,Unrestricted,Bootleg,,,,Full Show,Ahmanson Theatre,"Los Angeles, CA",2026-07-20,https://encora.it/recordings/1349/,4.27 GB,VOBs + smalls
Video,Brokeback Mountain,West End,"May, 2023",Unknown,Lasagna,"Lucas Hedges (Ennis Del Mar), Mike Faist (Jack Twist), Eddi Reader (Balladeer), Emily Fairn (Alma), Paul Hickey (Older Ennis), Martin Marquez (Bill/Jack's Father/Joe Agguire), Sophie Reid (Lureen/Waitress/Backing Vocals)",<p>Solid capture of this incredible play! Shot over a safety barrier that is sometimes visible</p>,,2023-12-29,,,Gift at your Discretion,Unrestricted,Bootleg,MP4 (4K) - 7.04 GB,,,Full Show,@sohoplace,"London, United Kingdom",2026-07-26,https://encora.it/recordings/1143282/,7.04 GB,MP4 (4K)
Video,Buena Vista Social Club,Broadway,"June 5, 2025",Evening,bikinibottomday,"Natalie Venetia Belcon (Omara), Mel Semé (Ibrahim), Julio Monge (Compay), Jainardo Batista Sterling (Rubén), Isa Antonetti (Young Omara), Tanairi Sade Vazquez (u/s Young Haydee), Wesley Wray (Young Ibrahim), Da'Von T. Moody (Young Compay), Leonardo Reyna (Young Rubén), Renesito Avich (Eliades), Justin Cunningham (Juan De Marcos), Angelica Beliard (Ensemble), Carlos Falú (Ensemble), Héctor Juan Maisonet (Ensemble), Ilda Mason (Ensemble), Marielys Molina (Ensemble), Anthony Santos (Ensemble)","Excellent 4K capture of this new musical! Some obstruction on the far left that doesn’t block almost anything. Some wandering and unfocusing throughout. Includes curtain call, audio fed from external source. ",,2025-12-02,,,Never Gift,Unrestricted,Bootleg,MP4 (4K) - 8.22GB,,,Full Show,Gerald Schoenfeld Theatre,"New York, NY",2026-07-26,https://encora.it/recordings/2015393/,8.22 GB,MP4
Video,But I'm a Cheerleader,Off-West End,"March, 2022",Unknown,hitmewithyourbethshot,"Alice Croft (Megan), Evie Rose Lane (Graham), Tiffany Graves (Mary Brown), Oliver Brooks (Dad/Larry), Jodie Jacobs (Mom/Lloyd), Jodie Steele (Kimberly/Hilary), Edward Chitticks (Jared/Rock), Lemuel Knights (Mike), Harry Singh (Jalal), Damon Gould (Andre), Aaron Teoh (Dolph), Kia-Paris Walcott (Sinead)",,Shot around heads,2022-07-31,,,Gift at your Discretion,Unrestricted,Bootleg,MTS,,,Full Show,Turbine Theatre,"London, United Kingdom",2026-07-31,https://encora.it/recordings/1123326/,14.91 GB,MTS
Video,Cabaret,Fourth Broadway Revival,"April, 2024",Unknown,StarCuffedJeans,"Eddie Redmayne (Emcee), Gayle Rankin (Sally Bowles), Ato Blankson-Wood (Clifford Bradshaw), Bebe Neuwirth (Fräulein Schneider), Steven Skybell (Herr Schultz), Henry Gottfried (Ernst Ludwig), Natascia Diaz (Fräulein Kost/Fritzie), Corinne Munsch (s/w Frenchie), Loren Lester (Max/Herman), Marty Lauter (Victor), David Merino (Lulu), Julian Ramos (Bobby), Hannah Florence (s/w Rosie), Ayla Ciccone-Burton (Helga), Colin Cunliffe (Hans), MiMi Scardulla (Texas)",,,2024-11-01,,,Gift at your Discretion,Unrestricted,Bootleg,MP4 (HD),MP4 (HD) [ 6.74 GB],,Full Show,August Wilson Theatre,"New York, NY",2026-08-08,https://encora.it/recordings/1157911/,6.74 GB,MP4
Video,Cabaret,Fifth West End Revival,"October, 2025",Unknown,Jagweed,"Reeve Carney (Emcee), Eva Noblezada (Sally Bowles), Baker Mukasa (Clifford Bradshaw), Ruthie Henshall (Fräulein Schneider), Robert Hands (Herr Schultz), Lucas Koch (Ernst Ludwig), Alexandra Regan (u/s Fräulein Kost), Lucy Young (s/w Frenchie), Adrian Grove (Max), Joe Atkinson (Victor), Manu Sarswat (s/w Lulu), Xavion Campbell Brown (Bobby), Ela Lisondra (s/w Rosie), Olivia-Rose Deer (Helga), Tom Scanlon (Hans), Anya Ferdinand (Texas)",Filmed in 4K. External audio used. Excellent recording of this replacement cast. A must see for any fans of Eva and Reeve. Some focus issues throughout. Recording includes the curtain call and marquee.,,2026-05-31,,NFS,Never Gift,Unrestricted,Bootleg,MP4 (4K) - 9.95 GB,9.95 gb,,Full Show,Kit Kat Club at the Playhouse,"London, United Kingdom",2026-07-31,https://encora.it/recordings/2022820/,9.95 GB,MP4 (4K)
Video,Cabaret,Fifth West End Revival,"January, 2026",Unknown,hitmewithyourbethshot,"Reeve Carney (Emcee), Eva Noblezada (Sally Bowles), Baker Mukasa (Clifford Bradshaw), Ruthie Henshall (Fräulein Schneider), Robert Hands (Herr Schultz), Lucas Koch (Ernst Ludwig), Jessica Kirton (Fräulein Kost/Fritzie)",Obstructed view,,2026-06-15,,,Gift at your Discretion,Unrestricted,Bootleg,MP4,,,Full Show,Kit Kat Club at the Playhouse,"London, United Kingdom",2026-07-26,https://encora.it/recordings/2027408/,8.51 GB,MP4
Video,Cats,Off-Broadway (The Jellicle Ball),"June 21, 2024",Evening,bikinibottomday,"Chasity ""Tempress"" Moore (Grizabella), André De Shields (Old Deuteronomy), Junior LaBeija (Gus), Tara Lashan Clinkscales (u/s Bombalurina), Dudney Joseph Jr. (Munkustrap), Sydney James Harcourt (Rum Tum Tugger), Bebe Nicole Simpson (Demeter), Emma Sofia (Cassandra/Skimbleshanks), Garnet Williams (u/s Bustopher Jones), Jonathan Burke (Mungojerrie), Dava Huesca (Rumpleteazer), Shereen Pimentel (Jellylorum), Xavier Reyes (Jennyanydots), Robert ""Silk"" Mason (Mr. Mistoffelees), Antwayn Hopper (Macavity), Primo Thee Ballerino (Tumblebrutus), Teddy Wilson Jr. (Sillabub), Kendall Grayson Stroud (Electra), Capital Kaos (Griddlebone), Baby Byrne (Victoria), Frank Viveros (Booth/Police Officer/Server), Shelby Griswold (u/s Booth/u/s Police Officer/u/s Server)","<p>Excellent 4K capture of this much-anticipated production. Some action on the balconies or in the audience couldn’t be captured, and because a lot of the staging uses the entire theatre, there are frequent wideshots. Some very minor obstruction in the top right that blocks off a tiny bit of action. Some moments of wandering and unfocusing. Includes curtain call, audio is fed from external source.</p>",,2024-12-17,,,Never Gift,Unrestricted,Bootleg,MP4 (4K) - 10.03 GB,,,Full Show,Perelman Performing Arts Center,"New York, NY",2026-07-26,https://encora.it/recordings/2001362/,10.03 GB,MP4 (4K)
Video,Charlie and the Chocolate Factory,Broadway,"April 20, 2017",Evening,SunsetBlvd79,"Christian Borle (Willy Wonka), Ryan Foust (Charlie Bucket), John Rubinstein (Grandpa Joe), Emily Padgett (Mrs. Bucket), Michael Wartella (Mike Teavee), Jackie Hoffman (Mrs. Teavee), Emma Sofia (Veruca Salt), Ben Crawford (Mr. Salt), Trista Dollison (Violet Beauregarde), Alan H. Green (Mr. Beauregarde), F. Michael Haynie (Augustus Gloop), Kathy Fitzgerald (Mrs. Gloop)",,"Great HD capture of the new musical based on classic Roald Dahl novel. A fresh dark take on the material, which was fun and very enjoyable! A great comedic cast and innovative production. A",,,,Gift at your Discretion,Unrestricted,Bootleg,,,,Full Show,Lunt-Fontanne Theatre,"New York, NY",2026-07-16,https://encora.it/recordings/1975/,7.8GB,VOBs + smalls
Video,Chess,First Broadway Revival,"October, 2025",Evening,The Riddle,"Lea Michele (Florence Vassy), Aaron Tveit (Freddie Trumper), Nicholas Christopher (Anatoly Sergievsky), Hannah Cruz (Svetlana Sergievsky), Bryce Pinkham (The Arbiter), Bradley Dean (Molokov), Sean Allan Krill (Walter de Courcey), Kyla Bartholomeusz (Ensemble), Daniel Beeman (Ensemble), Shavey Brown (Ensemble), Casey Garvin (Ensemble), Adam Halpin (Ensemble), Aliah James (Ensemble), Sydney Jones (Ensemble), Sean MacLaughlin (Ensemble), Sarah Meahl (Ensemble), Ramone Nelson (Ensemble), Michael Olaribigbe (Ensemble), Katerina Papacostas (Ensemble), Aleksandr Ivan Pevec (Ensemble), Samantha Pollino (Ensemble), Regine Sophia (Ensemble), Katie Webber (Ensemble)","Great 4k capture of the electric first preview of this revival! Little to no obstruction throughout, although unfortunately a lighting rig blocks the right of the upper level. Some washout in wider shots and wandering throughout, with minor instances of the camera focusing on the wrong thing due to usher activity. Many blackouts during the first ten minutes or so, also due to usher activity. Includes bows and audio of most of the overture.",,2026-04-01,,,Gift at your Discretion,Unrestricted,Bootleg,"MP4 (12.40 GB, 4K)",,,Full Show,Imperial Theatre,"New York, NY",2026-07-26,https://encora.it/recordings/2023065/,12.40 GB,MP4 (4K)
Video,Chicago,First Broadway Revival,"February 19, 2023",Matinee,shesmydoctor,"Charlotte d'Amboise (Roxie Hart), Lana Gordon (Velma Kelly), Brian O'Brien (u/s Billy Flynn), Evan Harrington (Amos Hart), Jinkx Monsoon (Matron ""Mama"" Morton), Ryan Lowe (Mary Sunshine), Mary Claire King (Liz), Christine Cornish (Hunyak), Rachel Schur (Annie), Jeff Gorti (u/s Fred Casely), Celina Nightengale (June), Arian Keddel (Mona), Jessica Ernest (Go-To-Hell-Kitty), Marty Lawson (u/s Sergeant Fogarty), David Bushman (u/s The Judge/u/s Doctor), Denny Paschall (Aaron), Michael Scirrotto (Harry/The Jury), Jermaine R. Rembert (Martin Harrison), Drew Nellesen (Court Clerk/Bailiff)",,"Nice capture of Jinkx Monsoon in her fantastic Broadway debut, with a mix of ensemble shots and closer shots. There is some obstruction on the left side but it rarely blocks any action. The show is still in great shape!",2023-08-08,,,Gift at your Discretion,Unrestricted,Bootleg,MP4 (HD) - 7.28 GB,,,Full Show,Ambassador Theatre,"New York, NY",2026-07-28,https://encora.it/recordings/1139268/,7.28 GB,MP4 (HD)
Video,Chicago,First Broadway Revival,"June, 2022",Unknown,diamondsareforever,"Pamela Anderson (Roxie Hart), Lana Gordon (Velma Kelly), Ryan Silverman (Billy Flynn), Raymond Bokhour (Amos Hart), Brenda Braxton (Matron ""Mama"" Morton), Ryan Lowe (Mary Sunshine)",,Pretty perfect capture of this cast; there are a few moments where the person in front of me leans and blocks some side action. Do not post online.,,,,Gift at your Discretion,Unrestricted,Bootleg,MP4 (HD) - 3.2 GB,MP4 (HD) [ 3.2 GB ],,Full Show,Ambassador Theatre,"New York, NY",2026-08-08,https://encora.it/recordings/1136466/,3.2 GB,MP4
Video,Cinderella (Andrew Lloyd Webber),West End,"June, 2022 (3)",Unknown,Lasagna,"Carrie Hope Fletcher (Cinderella), Ivano Turco (Prince Sebastian), Rebecca Trehearn (The Queen), Victoria Hamilton-Barritt (The Stepmother), Laura Baldwin (Adele), Georgina Castle (Marie), Gloria Onitiri (The Godmother), Caleb Roberts (Prince Charming), Vinny Coyle (Arthur), Sam Robinson (Dorian), Giovanni Spano (Gawain), Georgina Onuorah (Ensemble), Michael Afemaré (Ensemble), Lauren Byrne (Ensemble), Michelle Bishop (Ensemble), Sophie Camble (Ensemble), Tobias Charles (Ensemble), Nicole Deon (Ensemble), Jonathan David Dudley (Ensemble), Lila Eccles (Ensemble), Ike Fallon (Ensemble), Michael Hamway (Ensemble), Jessica Kirton (Ensemble), Kelsie-Rae Marshall (Ensemble), Georgia Tapp (Ensemble), Matthieu Vinetot (Ensemble), Alexandra Waite-Roberts (Ensemble), Rodney Vubya (Ensemble)",,"Incredible capture of the final performance of this troubled show’s West End run! The full show is captured with minimal obstruction, including the curtain call and infamous booing of ALW.",2023-12-29,,,Gift at your Discretion,Unrestricted,Bootleg,MP4 (4K) - 10.74 GB,MP4 (4K) [ 10.74 GB ],,Full Show,Gillian Lynne Theatre,"London, United Kingdom",2026-08-16,https://encora.it/recordings/1132475/,9.08 GB,MP4 (4K)
Video,Cinderella (Andrew Lloyd Webber),West End,"April, 2022 (3)",Unknown,Lasagna,"Carrie Hope Fletcher (Cinderella), Ivano Turco (Prince Sebastian), Rebecca Trehearn (The Queen), Victoria Hamilton-Barritt (The Stepmother), Leah Harris (u/s Adele), Georgina Castle (Marie), Gloria Onitiri (The Godmother), Rodney Vubya (u/s Prince Charming)",,Excellent capture taken midway through this troubled shows short run! Entirely unobstructed view and captures all action well.,2023-12-29,,,Gift at your Discretion,Unrestricted,Bootleg,MP4 (4K),MP4 (4K) [ 9.63 GB ],,Full Show,Gillian Lynne Theatre,"London, United Kingdom",2026-08-16,https://encora.it/recordings/1129075/,9.63 GB,MP4
Video,Clue,First US National Tour,"August, 2024",Evening,MTTZ,"Tari Kelly (Mrs. White), Joanna Glushak (Mrs. Peacock), Michelle Elaine (Miss Scarlet), Elisabeth Yancy (Yvette), Jonathan Spivey (Professor Plum), Mark Price (Wadsworth), John Shartzer (Mr. Green), John Treacy Egan (Colonel Mustard), Mariah Burks (Cook), Alex Syiek (Mr. Boddy), Teddy Trice (Cop)","Excellent capture of this utterly hysterical play. Shot in a great mix of wides, mediums, and close-ups, with wides being more prevalent here due to the ensemble nature of the play. Some small heads at the very bottom of the stage that don’t block any action. Some wandering, shaking, and re-adjusting throughout. My cough can be heard throughout the video but isn’t too distracting and you can still hear everything. Overall an excellent capture of this show. ",,2025-01-05,,,Gift at your Discretion,Unrestricted,Bootleg,,,,Full Show,Ahmanson Theatre,"Los Angeles, CA",2026-07-26,https://encora.it/recordings/2003607/,5.28 GB,MP4 4K
Video,Clueless (KT Tunstall),West End,"August, 2025",Unknown,MTTZ,"Emma Flynn Bespolka (Cher Horowitz), Chyna-Rose Frederick (Dionne Davenport), Keelan McAuley (Josh Lucas), Jacob Fisher (Mel Horowitz/Mr. Hall/Driving Instructor/Mugger), Rabi Kondé (Murray Duvall), Romona Lewis-Malley (Tai Frasier), Blake Jordan (Travis Birkenstock), Isaac J Lewis (Christian Stovitz), Max Mirza (Elton Tiscia), Lucy Rice (Miss Geist/Miss Stoeger/Lucy/Heather), Sophie Elmes (Ensemble), Lucas Lluna (Ensemble), Emily Florence (Ensemble), Aoife Kenny (Ensemble), Dylan Gordon-Jones (Ensemble), James Lim (Ensemble), Ernest Stroud (Ensemble), Grace Eleanor Thomas (Ensemble)","Excellent capture of this fun new musical! Shot in a great mix of wides, mediums, and close-ups. Some increased wandering, shaking, and re-adjusting throughout. Audio is patched in from an external source. Overall a great capture.",,2026-03-05,,,Never Gift,Unrestricted,Bootleg,MP4 (4K) - 8.42 GB,,,Full Show,Trafalgar Theatre,"London, United Kingdom",2026-08-08,https://encora.it/recordings/2021160/,7.24 GB,MP4
Video,Company,Third Broadway Revival,"March, 2022 (2)",Unknown,StarCuffedJeans,"Nikki Renée Daniels (u/s Bobbie), Patti LuPone (Joanne), Terence Archie (Larry), Javier Ignacio (u/s Jamie), Etai Benson (Paul), Jennifer Simard (Sarah), Tally Sessions (u/s Harry), Rashidra Scott (Susan), Greg Hildreth (Peter), Britney Coleman (u/s Jenny), Matt Wall (u/s David), Claybourne Elder (Andy), Heath Saunders (u/s PJ), Jacob Dickey (u/s Theo), Kathryn Allison (New Yorker), Anisha Nagarajan (New Yorker), Jeff Kready (New Yorker), Nicholas Rodriguez (New Yorker)",,Nikkis Bobbie debut,2022-10-01,,,Gift at your Discretion,Unrestricted,Bootleg,MP4 (HD) - 6.73 GB,MP4 (HD) [ 6.73 GB ],,Full Show,Bernard B. Jacobs Theatre,"New York, NY",2026-08-12,https://encora.it/recordings/1123499/,6.73 GB,MP4
Video,Cruel Intentions,First UK Tour,"February, 2025",Unknown,hitmewithyourbethshot,"Nic Myers (Kathryn Merteuil), Will Callan (Sebastian Valmont), Abbie Budden (Annette Hargrove), Lucy Carter (Cecile Caldwell/Marci Greenbaum), Luke Conner Hall (Blaine Tuttle), Joe Simmons (Greg McConnell), Gabriella Williams (Mrs. Bunny Caldwell/Dr. Greenbaum), Kevin Yates (Ronald Clifford)",Includes encore (MOV),,2025-09-30,,,Gift at your Discretion,Unrestricted,Bootleg,MTS,,,Full Show,,,2026-07-17,https://encora.it/recordings/2013218/,8.94 GB,MTS
Video,Dead Outlaw,Broadway,"May 7, 2025",Evening,bikinibottomday,"Andrew Durand (Elmer McCurdy), Jeb Brown (Bandleader/Walter Jarrett), Julia Knitel (Maggie Johnson/Millicent Esper/Helen McCurdy/Press #1/Gawker/Huckster/Delegate), Eddie Cooper (Coroner Joseph L. Johnson/Dwain Esper/Grampa/Judge/Conductor #1/Press #3/Soldier/Posse/Huckster/Delegate), Thom Sesma (Coroner Thomas Noguchi/James Patterson/Soldier/Posse/Gawker/Huckster/Delegate), Ken Marks (Sonney/Douglas MacArthur/Root Johnson/George McCurdy/Sheriff/Gawker/Delegate), Trent Saunders (Andy Payne/Luke Johnson/Dan Sonney/Army Bud/Aunt Sadie/Bartender/Victim/Press #2/Robber/Soldier/Posse/Huckster/Delegate), Dashiell Eaves (Louis/Charles Patterson/CC Pyle/Charles McCurdy/Conductor #2/Bartender/Teamster/Buyer/Robber/Soldier/Posse/Gawker/Delegate), JR Atkins (Bandleader's Sidekick)","Excellent 4K capture of this new show! Some washout on wider shots. Wandering and unfocusing throughout. Includes curtain call, audio fed from external source.",,2025-11-17,,,Never Gift,Unrestricted,Bootleg,4K MP4 (7.61GB),MP4 (4K) [ 7.61GB ],,Full Show,Longacre Theatre,"New York, NY",2026-08-08,https://encora.it/recordings/2014688/,9.53 GB,MP4
Video,Dear Evan Hansen,Broadway,"December, 2021 (1)",Unknown,StarCuffedJeans,"Jordan Fisher (Evan Hansen), Jessica Phillips (Heidi Hansen), Gabi Carrubba (Zoe Murphy), Christiane Noll (Cynthia Murphy), Ivan Hernandez (Larry Murphy), David Jeffery (Connor Murphy), Jared Goldsmith (Jared Kleinman), Phoebe Koyabe (Alana Beck)",,Reopening night!,2022-08-01,,,Gift at your Discretion,Unrestricted,Bootleg,MP4 (HD) - 6.9 GB,,,Full Show,Music Box Theatre,"New York, NY",2026-08-08,https://encora.it/recordings/1120416/,6.9 GB,MP4
Video,Dear Evan Hansen,Broadway,"February, 2019 (1)",Unknown,NYCG8R,"Michael Lee Brown (alt Evan Hansen), Lisa Brescia (Heidi Hansen), Mallory Bechtel (Zoe Murphy), Jennifer Laura Thompson (Cynthia Murphy), Michael Park (Larry Murphy), Alex Boniello (Connor Murphy), Sky Lakota-Lynch (Jared Kleinman), Phoenix Best (Alana Beck)",,A really remarkable performance from Michael Lee Brown. One of my favorites to date.,,,,Gift at your Discretion,Unrestricted,Bootleg,MP4 (HD) - 19.8 GB,,,Full Show,Music Box Theatre,"New York, NY",2026-07-26,https://encora.it/recordings/1110851/,19.8 GB,MP4 (HD)
Video,Dear Evan Hansen,Broadway,"June 24, 2017",Evening,SunsetBlvd79,"Ben Platt (Evan Hansen), Rachel Bay Jones (Heidi Hansen), Laura Dreyfuss (Zoe Murphy), Jennifer Laura Thompson (Cynthia Murphy), Michael Park (Larry Murphy), Mike Faist (Connor Murphy), Will Roland (Jared Kleinman), Olivia Puckett (u/s Alana Beck)",,"Excellent HD capture with no obstructions. This was shortly after Ben Platt's 2017 Tony win for Best Actor and Best Musical. The cast and show are still in wonderful shape, energy and speaks for itself. A-",,,,Gift at your Discretion,Unrestricted,Bootleg,,,,Full Show,Music Box Theatre,"New York, NY",2026-07-26,https://encora.it/recordings/217/,7.72GB,VOB + smalls
Video,Death Becomes Her,Broadway,"January 11, 2026",Matinee,onehandonmycamera,"Megan Hilty (Madeline Ashton), Dee Roscioli (s/b Helen Sharp), Christopher Sieber (Ernest Menville), Michelle T. Williams (Viola Van Horn), Kyle Brown (u/s Chagall), Josh Lamon (Stefan), Marija Juliette Abney (Ensemble), Kate Bailey (Ensemble), Sarita Colón (Ensemble), Kaleigh Cronin (Ensemble), Alexa de Barr (Ensemble), Michael Graceffa (Ensemble), Neil Haskell (Ensemble), Justin O'Brien (s/w Ensemble), Ximone Rose (Ensemble), Bethany Ann Tesarck (Ensemble), Mitchell Tobin (Ensemble), Sir Brock Warren (Ensemble), Ryan Worsing (Ensemble), Warren Yang (Ensemble)","Megan's final performance! Starts a few mins into each act and includes a (shaky) curtain call and speech by Josh Lamon. Some minor obstructions at the bottom of the screen throughout, but rarely affects any of the action.",,2026-07-01,,,Gift at your Discretion,Unrestricted,Bootleg,,,,Full Show,Lunt-Fontanne Theatre,"New York, NY",2026-07-26,https://encora.it/recordings/2027207/,13.3 GB,MP4
Video,Death Becomes Her,Broadway,"January 4, 2026",Matinee,onehandonmycamera,"Megan Hilty (Madeline Ashton), Jennifer Simard (Helen Sharp), Bud Weber (u/s Ernest Menville), Ximone Rose (u/s Viola Van Horn), Taurean Everett (Chagall), Josh Lamon (Stefan)","Megan and Jenn's final show together! Very, very minor occasional obstruction in the bottom corners, but practically obstruction free. Missing the first minute or so of act 2.",,2026-07-01,,,Gift at your Discretion,Unrestricted,Bootleg,,,,Full Show,Lunt-Fontanne Theatre,"New York, NY",2026-07-26,https://encora.it/recordings/2026948/,13.3 GB,MP4
Video,Death Note: The Musical,London (Barbican),2026,Evening,AndOnThatBombShell,"Colin Ryan (L), Telly Leung (Ryuk), Xander Pang (Light Yagami), Grace Mouat (Rem), Paolo Montalban (Soichiro), Stephanie Zaharis (Misa Amane), Elsie Buckley (Sayu Yagami), Chloe Saracco (Gelus), CJ Benoiton (Ensemble), Louise Liluna Browning (Ensemble), Samantha Ho (Ensemble), Olivia Hazel Jones (Ensemble), Matthew Koon (Ensemble), Abel Law (Ensemble), Luchia Moss (Ensemble), Patrick Munday (Ensemble), Richie Paisley (Ensemble), Regine Phua (Ensemble), Nicky Wong Rush (Ensemble), David Ouch (s/w Ensemble)","Absolutely fantastic cast in a fab show. All of Act 1, first 20 mins of Act 2. Rest of Act 2 cut due to camera issues. Annoying bar in the centre, and focused on the front half of the stage. Filmed in portrait. Slight movement due to shuffling. Do not upload any clips or part of the show on social media.","Notes until off NFT: If you want to discuss a trade or purchase, email me.",2027-07-01,,,Never Gift,Unrestricted,Bootleg,MP4s (1920p) - 9.81 GB,MP4 (1920p) [ 9.81 GB ],,Partial recording,Barbican Centre,"London, United Kingdom",2026-08-16,https://encora.it/recordings/2037373/,9.81 GB,MP4s (1920p) - 9.81 GB
Audio,Death Note: The Musical,London (Barbican),"August 12, 2026",Evening,LetsRaiseALittleHell,"Colin Ryan (L), Telly Leung (Ryuk), Xander Pang (Light Yagami), Grace Mouat (Rem), Paolo Montalban (Soichiro), Stephanie Zaharis (Misa Amane), Elsie Buckley (Sayu Yagami)",,,2026-08-20,,,Gift at your Discretion,Unrestricted,Bootleg,,,,Full Show,Barbican Centre,"London, United Kingdom",2026-08-15,https://encora.it/recordings/2037345/,N/A,N/A
Video,Death Note: The Musical,West End Concert (Lyric Theatre),"September, 2023",Unknown,Lasagna,"Carl Man (alt L), George Maguire (Ryuk), Joaquin Pedro Valdes (Light Yagami), Aimie Atkinson (Rem), Christian Rey Marbella (Soichiro), Jessica Lee (Misa Amane), Rachel Clare Chan (Sayu Yagami)",,Good capture of Carl as L! Shot from the side and over a barrier but nothing important is blocked.,,,,Gift at your Discretion,Unrestricted,Bootleg,MP4 (4K),7.81 gb,,Full Show,Lyric Theatre,"London, United Kingdom",2026-07-22,https://encora.it/recordings/1148855/,7.81 GB,MP4 (4K)
Video,Death Note: The Musical,West End Concert (Palladium Theatre),"August, 2023",Unknown,Lasagna,"Dean John-Wilson (L), Adam Pascal (Ryuk), Joaquin Pedro Valdes (Light Yagami), Aimie Atkinson (Rem), Christian Rey Marbella (Soichiro), Frances Mayli McCann (Misa Amane), Rachel Clare Chan (Sayu Yagami), Felipe Bejarano (Mogi), Yojiro Ichikawa (Ukita), Eu Jin Hwang (Matsuda), Nick Len (Ide), Marcel Li-Ping (Aizawa), David Kar-Hing Lee (Lind L. Taylor), Jojo Meredith (Haley Belle), Janine Somcio (Ensemble), Jasmine Leung (Ensemble), Deena Kapadia (Ensemble), Jade Copas (Ensemble), Charlotte Coggin (Ensemble)",,"Incredible capture of this staged production of Death Note! Unobstructed view, a couple very brief dropouts due to people getting up.",2023-12-29,,,Gift at your Discretion,Unrestricted,Bootleg,MP4 (4K),,,Full Show,London Palladium,"London, United Kingdom",2026-07-26,https://encora.it/recordings/1147281/,8.07 GB,MP4
Video,The Devil Wears Prada,West End,"January, 2025",Unknown,Jagweed,"Vanessa Williams (Miranda Priestly), Georgie Buckland (Andy Sachs), Maddy Ambus (u/s Emily Charlton), Matt Henry (Nigel Owens), Liam Marcellino (u/s Nate Angstrom), James Darch (Christian Thompson), Josh Damer-Jennings (Irv Ravitz), Kayleigh Thadani (Jacqueline Follet), Ethan Le Phong (James Holt), Pamela Blair (s/w Chanteuse/s/w Ensemble), Jon Reynolds (s/w Hot Nurse/s/w Ensemble), Gabby Antrobus (Ensemble), Selena Barron (Ensemble), Robertina Bonano (Ensemble), Lloyd Davies (Ensemble), Elishia Edwards (Ensemble), Akeem Ellis-Hyman (Ensemble), Elizabeth Fullalove (Ensemble), Jinny Gould (Ensemble), Natasha Heyward (Ensemble), Samuel How (Ensemble), Luke Jackson (Ensemble), Ciro Lourencio Meulens (Ensemble), Theo Papoui (Ensemble), Christopher Parkinson (Ensemble), Eleanor Peach (Ensemble), Harriet Samuel Gray (Ensemble), Olivia Saunders (Ensemble), Ella Valentine (Ensemble), Tara Yasmin (Ensemble)",Near perfect capture. Once or twice a head appears in frame. Recording includes the curtain call and a shot of the outside of the theatre. Filmed in 4K. External audio used.,,2025-10-01,,NFS,Gift at your Discretion,Unrestricted,Bootleg,MP4 (8.86 GB),,,Full Show,Dominion Theatre,"London, United Kingdom",2026-08-08,https://encora.it/recordings/2012368/,8.98 GB,MP4
Video,Dogfight,Off-West End,2014,Unknown,,"Laura Jane Matthewson (Rose Fenny), Jamie Muscato (Eddie Birdlace), Cellen Chugg Jones (Boland), Nicholas Corre (Bernstein), Rebecca Trehearn (Marcy), Amanda Minihan (Mama), Ciaran Joyce (Gibbs), Joshua Dowen (Stevens), Samuel J Weir (Fector), Matthew Cutts (Lounge Singer), Emily Olive Boyd (Ruth Two Bears)",,Youtube rip. Archive recording.,,,NFS,Gift at your Discretion,Unrestricted,Pro-Shot,,MP4 [ 11.97 GB ],,Full Show,Southwark Playhouse,"London, United Kingdom",2026-08-15,https://encora.it/recordings/2019787/,11.97 GB,MP4
Video,Dogfight,Off-Broadway,"August 15, 2012",Evening,SunsetBlvd79,"Lindsay Mendez (Rose Fenny), Derek Klena (Eddie Birdlace), Josh Segarra (Boland), Nick Blaemire (Bernstein), Annaleigh Ashford (Marcy), Becca Ayers (Mama), Steven Booth (Gibbs), Adam Halpin (Stevens), F. Michael Haynie (Fector), James Moye (Lounge Singer), Dierdre Friel (Ruth Two Bears)",,"A beautiful coming of age story with great performances from the cast. Annaleigh is wonderful here as usual. Great HD capture in a very small theater; in wider shots, heads can be in the frame toward the bottom, but mostly shot over them. A-",,,,Gift at your Discretion,Unrestricted,Bootleg,VOB and Smalls (7.40 GB),,,Full Show,Second Stage Theatre,"New York, NY",2026-07-26,https://encora.it/recordings/407/,7.40 GB,VOBs + smalls
Video,"Dracula, A Comedy of Terrors",Off-Broadway,"December 18, 2023",Evening,bikinibottomday,"James Daly (Dracula), Andrew Keenan-Bolger (Jonathan Harker/Suitors), Jordan Boatman (Lucy/Kitty), Arnie Burton (Mina/Van Helsing), Ellen Harvey (Dr. Westfeldt/Renfield)","<p>Excellent 4K capture of this hilarious show! Due to a camera error, the last 15 seconds of the show are audio only. Some wandering / readjustment and unfocusing throughout. Audio fed from external source.</p>",,2024-06-17,,,Never Gift,Unrestricted,Bootleg,4K MP4 (6.39GB),6.39GB,,Full Show,New World Stages - Stage 5,"New York, NY",2026-07-21,https://encora.it/recordings/1152919/,6.38 GB,4K MP4
Video,Eurydice,Off-Broadway Revival,"June 27, 2025",Matinee,bikinibottomday,"Maya Hawke (Eurydice), Caleb Eberhardt (Orpheus), Brian d'Arcy James (Father), T. Ryder Smith (A Nasty Interesting Man/Lord of the Underworld), Maria Elena Ramirez (Loud Stone), Jon Norman Schneider (Little Stone), David Ryan Smith (Big Stone)","Good 4K capture of the closing matinee! Starts about a minute in. Some head obstruction on the left that blocks off some action. Often at an angle. Frequent wandering and unfocusing throughout. Includes curtain call, audio fed from external source.",,2026-01-02,,,Never Gift,Unrestricted,Bootleg,4K MP4 6.4 GB,,,Full Show,Pershing Square Signature Center - Romulus Linney Courtyard Theatre,"New York, NY",2026-07-26,https://encora.it/recordings/2016805/,6.4 GB,4K MP4
Video,Evita,London Concert,"August, 2023",Unknown,Lasagna,"Auli'i Cravalho (Eva Perón), Matt Rawle (Che), Jeremy Secomb (Perón), Nathan Amzi (Magaldi), Emily Lane (Perón's Mistress), Lloyd Davies (Ensemble), Robin Kent (Ensemble), Emily Langham (Ensemble), Jasmine Leung (Ensemble), Amonik Melaco (Ensemble), Joseph Poulton (Ensemble), Agnes Pure (Ensemble), Sophie Sass (Ensemble)",,Great capture of this exciting concert production's penultimate performance!,2024-12-14,,,Gift at your Discretion,Unrestricted,Bootleg,MP4 (4K),,,Full Show,,,2026-07-21,https://encora.it/recordings/1151478/,8.10 GB,MP4 (4K)
Video,Finding Neverland,Pre-Broadway / American Repertory Theater,"August 17, 2014",Matinee,SJ Bernly,"Jeremy Jordan (J.M. Barrie), Laura Michelle Kelly (Sylvia Llewelyn Davies), Michael McGrath (Captain James Hook/Charles Frohman), Jeanna de Waal (Mary Barrie), Carolee Carmello (Mrs. du Maurier), Aidan Gemme (Peter Llewelyn Davies), Alex Dreier (Michael Llewelyn Davies), Hayden Signoretti (Jack Llewelyn Davies), Sawyer Nunes (George Llewelyn Davies)",,"Fantastic capture from start to finish with just a couple quick dropouts in Act One. Clear video with no washout or obstruction. Filmed in 16:9, with a mix of wides, mediums, and close-ups.",,,,Gift at your Discretion,Unrestricted,Bootleg,,VOBS + smalls [ 6.77 GB ],,Full Show,American Repertory Theater - Loeb Drama Center,"Cambridge, MA",2026-08-12,https://encora.it/recordings/1153/,6.77 GB,VOBS
Video,Frozen,Broadway,"February, 2020",Unknown,StarCuffedJeans,"Ciara Renée (Elsa), McKenzie Kurtz (Anna), Anna Rae Haller (Young Elsa), Charlie Tassone (Young Anna), Ryann Redmond (Olaf), Noah J. Ricketts (Kristoff), Adam Jepsen (Sven), Ryan McCartan (Hans), Kevin Del Aguila (Oaken), Robert Creighton (Weselton), Donald Jones Jr. (Pabbie), Tracee Beazer (Bulda), Tyrone L. Robinson (King Agnarr), Ann Sanders (Queen Iduna), Robin Masella (Head Handmaiden), Jacob Smith (Bishop), Austin Lesch (Ensemble), Charlie Williams (Ensemble), Harris M Turner (Ensemble), Bronwyn Tarboton (s/w Ensemble), Jake David Smith (Ensemble), Anthony Sagaria (Ensemble), Julius Anthony Rubio (Ensemble), Ellen Marlow (Ensemble), Kate Bailey (Ensemble), Nina Lafarga (Ensemble), Charissa Hogeland (Ensemble), Cajai Kennedy (Ensemble), Michael Fatica (Ensemble), Spencer Clark (s/w Ensemble), Claire Camp (Ensemble), Keely Beirne (Ensemble)",,"Beautiful HD capture of the new Broadway cast! Filmed from the left orchestra with a mix of wides, mediums, and closeups. Features the new song I Can't Lose You that replaces For the First Time in Forever (Reprise). Last known full video of the Broadway production before the untimely closing the following month.",2020-09-15,,,Gift at your Discretion,Unrestricted,Bootleg,MP4 (HD) - 5.1 GB,,,Full Show,St. James Theatre,"New York, NY",2026-07-26,https://encora.it/recordings/29167/,5.1 GB,MP4
Video,A Gentleman's Guide to Love and Murder,Broadway,"May 3, 2014",Evening,SunsetBlvd79,"Bryce Pinkham (Monty Navarro), Jefferson Mays (The D'Ysquith Family), Lisa O'Hare (Sibella Hallward), Lauren Worsham (Phoebe D'Ysquith), Jane Carr (Miss Marietta Shingle)",,"A beautiful HD capture of the front runner for Best Musical Tony Award. A hilarious show with an equally hilarious cast. Jefferson Mays is an insanely talented actor! A 

May be incorrectly listed as 2014-05-14",,,,Gift at your Discretion,Unrestricted,Bootleg,,,,Full Show,Walter Kerr Theatre,"New York, NY",2026-07-31,https://encora.it/recordings/1090/,6.98 GB,MP4
Video,Ghost: The Musical,Broadway,"March 17, 2012",Evening,SunsetBlvd79,"Richard Fleeshman (Sam Wheat), Caissie Levy (Molly Jensen), Moya Angela (u/s Oda Mae Brown), Bryce Pinkham (Carl Bruner)",,Beautiful capture and performances of this long awaited Broadway transfer. Richard and Caissie are terrific here and have such great voices. Moya was great as Oda Mae. A pretty technical and imaginative production.,,,,Gift at your Discretion,Unrestricted,Bootleg,,,,Full Show,Lunt-Fontanne Theatre,"New York, NY",2026-07-17,https://encora.it/recordings/7579/,6.42 GB,VOBs + smalls
Video,Grease,Grease: Live (FOX Special),"January 31, 2016",Evening,,"Aaron Tveit (Danny Zuko), Julianne Hough (Sandy Dumbrowski), Carlos PenaVega (Kenickie), Vanessa Hudgens (Betty Rizzo), Carly Rae Jepsen (Frenchy), Kether Donohue (Jan), Jordan Fisher (Doody), Keke Palmer (Marty), Andrew Call (Sonny), Mario Lopez (Vince Fontaine), Yvette González-Nacer (Cha-Cha DiGregorio), Elle McLemore (Patty Simcox), Noah Robbins (Eugene), Joe Jonas (Johnny Casino), Ana Gasteyer (Principal McGee), Didi Conn (Vi), Barry Pearl (Stan Weaver), Wendell Pierce (Coach Calhoun), David Del Rio (Putzie), Haneefah Wood (Blanche), Eve Plumb (Mrs. Murdock)",,TV Special aired on FOX on Jan 31 2016,,,,Gift at your Discretion,Unrestricted,Pro-Shot,,MP4 [ 2.18 GB ],,Full Show,,,2026-08-11,https://encora.it/recordings/2107/,2.18 GB,MP4
Video,The Great Gatsby (Howland/Tysen/Kerrigan),Broadway,"January 30, 2025",Matinee,bikinibottomday,"Ryan McCartan (Jay Gatsby), Eva Noblezada (Daisy Buchanan), Noah J. Ricketts (Nick Carraway), Samantha Pauly (Jordan Baker), Samantha Pollino (u/s Myrtle Wilson), Terrence Mann (Meyer Wolfsheim), John Zdrojeski (Tom Buchanan), Charlie Pollock (George Wilson)","Excellent 4K capture of Eva’s penultimate performance in this show! Minor obstruction on the left that blocks off less than a minute of action in total. Some moments of wandering and unfocusing. Some washout on wider shots. Includes curtain call, audio fed from external source.",,2025-09-17,,,Never Gift,Unrestricted,Bootleg,4K MP4 (9.69GB),,,Full Show,Broadway Theatre,"New York, NY",2026-07-26,https://encora.it/recordings/2011719/,9.69 GB,4K MP4
Video,The Great Gatsby (Howland/Tysen/Kerrigan),West End,"August, 2025",Unknown,MTTZ,"Jamie Muscato (Jay Gatsby), Frances Mayli McCann (Daisy Buchanan), Corbin Bleu (Nick Carraway), Amber Davies (Jordan Baker), Rachel Tucker (Myrtle Wilson), John Owen-Jones (Meyer Wolfsheim), Jon Robyns (Tom Buchanan), Joel Montague (George Wilson), George Crawford (Ensemble), Jordan Crouch (Ensemble), Kiara Dario (Ensemble), Frances Dee (Ensemble), Aimée Fisher (Ensemble), Tom Andrew Hargreaves (Ensemble), Alyn Hawke (Ensemble), Ediz Mahmut (Ensemble), Jamel Matthias (Ensemble), Nevé McGuinness-Dyce (Ensemble), Rose Ouellette (Ensemble), Sophie Pourret (Ensemble), Will Richardson (Ensemble), Lily Wang (Ensemble)","Excellent capture of this stunning cast! Shot in a great mix of wides, mediums, and close-ups. Some wandering, shaking, and re-adjusting throughout. Some occasional obstruction in act 1 that doesn’t block any significant action. Audio is patched in from an external source; some audience member disturbances and some rustling/scratching can be heard. Overall a fantastic capture. ",,2026-02-05,,,Never Gift,Unrestricted,Bootleg,MP4 (4K) - 9.41 GB,,,Full Show,London Coliseum,"London, United Kingdom",2026-07-26,https://encora.it/recordings/2019155/,9.41 GB,MP4 (4K)
Video,The Great Gatsby (Howland/Tysen/Kerrigan),Broadway,"January, 2025",Matinee,The Riddle,"Jeremy Jordan (Jay Gatsby), Eva Noblezada (Daisy Buchanan), Noah J. Ricketts (Nick Carraway), Samantha Pauly (Jordan Baker), Sara Chase (Myrtle Wilson), Terrence Mann (Meyer Wolfsheim), John Zdrojeski (Tom Buchanan), Charlie Pollock (George Wilson), Dan Rosales (Mr. McKee/Bystander #2/Ensemble), Dariana Mullen (Gilda Gray/Ensemble), Kayla Pecchioni (Mrs. McKee/Ensemble), Ryah Nixon (Catherine/Ensemble), Traci Elaine Lee (Bystander #1/Ensemble), Pascal Pastrana (Cop/Ensemble), Curtis Holland (Ensemble), Mariah Reives (Ensemble), Derek Jordan Taylor (Ensemble), Katie Webber (Ensemble), Raymond Baynard (Ensemble), Austin Colby (Ensemble), Dave Schoonover (Ensemble), Tanairi Sade Vazquez (Ensemble), Kurt Csolak (Ensemble), Samantha Pollino (Ensemble), Jake Trammel (Ensemble), Jasmine Pearl Villaroel (Ensemble)","Excellent 4k capture of this fun cast combination.  Taken during the short overlap between the time after Terry joined the cast and before Jeremy left.  The world’s largest ear does show up in frame on the left side of the frame quite often but it rarely blocks action.  The opening number is very questionably captured, and there are frequent but brief dropouts during Act 1 because of usher activity.  Video occasionally has minor issues with tilt and washout.  Definitely focuses a bit more on Jeremy, Eva, and Terry at times.  Includes bows.",,2025-08-01,,,Gift On Request,Unrestricted,Bootleg,"MP4 (10.52 GB, 2160p)",,,Full Show,Broadway Theatre,"New York, NY",2026-07-16,https://encora.it/recordings/2009477/,10.52 GB,MP4(2160p)
Video,Hadestown,West End,"August, 2024",Unknown,Lasagna,"Dónal Finn (Orpheus), Grace Hodgett-Young (Eurydice), Gloria Onitiri (Persephone), Zachary James (Hades), Melanie La Barrie (Hermes), Bella Brown (Fate), Madeline Charlemagne (Fate), Allie Daniel (Fate), Ryesha Higgs (s/w Worker)",Solid capture of Donal and Grace’s final performance! Shot around heads. Includes emotional final bows/speeches,,2025-07-29,,,Gift at your Discretion,Unrestricted,Bootleg,MP4 (10.18GB),,,Full Show,Lyric Theatre,"London, United Kingdom",2026-07-26,https://encora.it/recordings/2004076/,10.1 GB,MP4
Video,Hadestown,West End,"September, 2024",Unknown,hitmewithyourbethshot,"Simon Oskarsson (u/s Orpheus), Madeline Charlemagne (Eurydice), Gloria Onitiri (Persephone), Zachary James (Hades), Melanie La Barrie (Hermes), Bella Brown (Fate), Francessca Daniella-Baker (Fate), Ryesha Higgs (u/s Fate)","Shot around heads, includes We Raise Our Cups (MOV)",,2025-03-20,,,Gift at your Discretion,Unrestricted,Bootleg,MTS,MTS [ 11.52 GB ],,Full Show,Lyric Theatre,"London, United Kingdom",2026-08-08,https://encora.it/recordings/2005362/,11.52 GB,MTS
Video,Hadestown,Broadway,"November, 2024",Unknown,MTTZ,"Jordan Fisher (Orpheus), Maia Reficco (Eurydice), Allison Russell (Persephone), Phillip Boykin (Hades), Malcolm Armwood (u/s Hermes), Shea Renne (Fate), Jessie Shelton (Fate), Brit West (Fate), Brandon Cameron (s/w Worker), KC Dela Cruz (s/w Worker), Tanner Ray Wilson (s/w Worker), Emily Afton (Worker), Timothy H. Lee (Worker)","Excellent capture of this incredible show with Allison Russell joining the cast as Persephone. My first Broadway video! Shot around an annoying moving head that mostly obstructs the bottom left of the stage when present, but it's worked around well and is mostly unobtrustive as well as mostly going away in act 2. Shot in a great mix of wides, mediums, and close-ups. Some increased wandering, shaking, and re-adjusting throughout. Audio is patched in from an external source. Does not include Bows or We Raise Our Cups. Overall a wonderful capture that only gets messy when navigating head obstruction.",,2025-07-05,,,Gift at your Discretion,Unrestricted,Bootleg,,,,Full Show,Walter Kerr Theatre,"New York, NY",2026-07-26,https://encora.it/recordings/2007942/,9.04 GB,MP4 (4K)
Video,Hadestown,Broadway,"May 24, 2024",Evening,bikinibottomday,"Sayo Oni (u/s Orpheus), Isa Briones (Eurydice), Ani DiFranco (Persephone), Phillip Boykin (Hades), Jon Jon Briones (Hermes), Kay Trinidad (Fate), Jessie Shelton (Fate), Brit West (Fate), Yael ""YaYa"" Reich (s/w Worker), Malcolm Armwood (Worker), Tanner Ray Wilson (s/w Worker), Max Kumangai (s/w Worker), Grace Yoo (Worker)","<p>Excellent 4K capture of Sayo and Isa together! Some moments of wandering and unfocusing. One head visible at the bottom but shouldn’t block anything. Includes curtain call and “We Raise Our Cups,” audio fed from external source.</p>",,2024-12-17,,,Never Gift,Unrestricted,Bootleg,4K MP4 (9.67 GB),,,Full Show,Walter Kerr Theatre,"New York, NY",2026-07-17,https://encora.it/recordings/2001361/,9.67 GB,MP4
Video,Hadestown,West End,"February, 2025 (2)",Unknown,Lasagna,"Reeve Carney (Orpheus), Eva Noblezada (Eurydice), Amber Gray (Persephone), Phillip Boykin (t/r Hades), André De Shields (Hermes), Bella Brown (Fate), Madeline Charlemagne (Fate), Allie Daniel (Fate), Lucinda Buckley (s/w Worker)","Excellent capture of the first show back for the Broadway cast! Shot over heads which block the very front of the stage at times, some brief dropouts including parts of WWBTW and WFM II",,2025-07-29,,,Never Gift,Unrestricted,Bootleg,,,,Full Show,Lyric Theatre,"London, United Kingdom",2026-07-26,https://encora.it/recordings/2011646/,9.58 GB,MP4
Video,Hadestown,West End,"May, 2025",Unknown,hitmewithyourbethshot,"Dylan Wood (Orpheus), Desmonda Cathabel (Eurydice), Victoria Hamilton-Barritt (Persephone), Chris Jarman (Hades), Allie Daniel (u/s Hermes), Melanie Bright (Fate), Lauran Rae (Fate), Lindo Shinda (u/s Fate)",Includes We Raise Our Cups (MOV),,2025-11-21,,,Gift at your Discretion,Unrestricted,Bootleg,MTS,,,Full Show,Lyric Theatre,"London, United Kingdom",2026-08-03,https://encora.it/recordings/2016029/,N/A,MTS
Video,Hadestown,West End,"November, 2025",Unknown,hitmewithyourbethshot,"Sebastian Lim-Seet (u/s Orpheus), Desmonda Cathabel (Eurydice), Nicola Roberts (Persephone), Chris Jarman (Hades), Cedric Neal (Hermes), Melanie Bright (Fate), Lauran Rae (Fate), Lindo Shinda (u/s Fate)","Audio is fed from an external source, synced by LichtInDuizendvoud ",,2026-05-17,,,Never Gift,Unrestricted,Bootleg,,MP4 [ 10.89 GB ],,Full Show,Lyric Theatre,"London, United Kingdom",2026-08-12,https://encora.it/recordings/2025771/,10.89 GB,MP4
Video,Hadestown,Broadway,"May 28, 2025",Matinee,bikinibottomday,"Ali Louis Bourzgui (Orpheus), Myra Molloy (Eurydice), Merle Dandridge (Persephone), Matthew Patrick Quinn (t/r Hades), Daniel Breaker (Hermes), Marla Louissaint (Fate), Jessie Shelton (Fate), Kay Trinidad (Fate), KC Dela Cruz (s/w Worker), Malcolm Armwood (Worker), Sydney Parra (Worker), Tanner Ray Wilson (s/w Worker), Chibueze Ihuoma (Worker)","Excellent 4K capture of the new cast with Matthew! Starts about 30 seconds into “Road To Hell.” About a minute long blackout afterward due to latecomers. Increased wandering / readjustment and unfocusing throughout. Includes curtain call and “We Raise Our Cups,” audio fed from external source.",,2025-12-17,,,Never Gift,Unrestricted,Bootleg,4K MP4 (9.53GB),4K MP4 [ 9.53GB ],,Full Show,Walter Kerr Theatre,"New York, NY",2026-07-26,https://encora.it/recordings/2016014/,9.53 GB,MP4
Video,Hadestown,West End,"July, 2024",Unknown,Lasagna,"Tiago Dhondt Bamberger (u/s Orpheus), Grace Hodgett-Young (Eurydice), Gloria Onitiri (Persephone), Zachary James (Hades), Melanie La Barrie (Hermes), Bella Brown (Fate), Madeline Charlemagne (Fate), Allie Daniel (Fate)",Wonderful capture of Tiago’s full show debut as Orpheus! Shot around heads. Act 1 uses external audio.,,2025-07-29,,,Never Gift,Unrestricted,Bootleg,,,,Full Show,Lyric Theatre,"London, United Kingdom",2026-07-26,https://encora.it/recordings/2017778/,9.44 GB,MP4
Video,Hadestown,Broadway,"June, 2025 (1)",Unknown,juniper47,"Ali Louis Bourzgui (Orpheus), Myra Molloy (Eurydice), Merle Dandridge (Persephone), Matthew Patrick Quinn (t/r Hades), Daniel Breaker (Hermes), Marla Louissaint (Fate), Jessie Shelton (Fate), Kay Trinidad (Fate), Emily Afton (Worker), Malcolm Armwood (Worker), Tanner Ray Wilson (s/w Worker), Sydney Parra (Worker), Alex Puette (Worker)","Filmed in 4K from orchestra, no obstructions, drop-outs only for applause and late-comers. Mix of wide shots and zooms. Merle Dandridge and Matthew Patrick Quinn's final performance for their respective runs. Curtain call and We Raise Our Cups from friend's phone so it's a little blurry/grainy at times. 
NFT (NOT FOR TRADE) and sales only through master until March 28, 2026.",,2026-03-28,,NFS,Never Gift,Unrestricted,Bootleg,MP4 (4K) - 9.48 GB,,,Full Show,Walter Kerr Theatre,"New York, NY",2026-07-26,https://encora.it/recordings/2018045/,9.48 GB,MP4
Video,Hadestown,Broadway,"September 2, 2025",Evening,bikinibottomday,"Jack Wolfe (Orpheus), Morgan Dudley (Eurydice), Rebecca Naomi Jones (Persephone), Paulo Szot (Hades), Kurt Elling (Hermes), Shea Renne (Fate), Jessie Shelton (Fate), Kay Trinidad (Fate), Emily Afton (Worker), Malcolm Armwood (Worker), Jeffrey Cornelius (Worker), Sydney Parra (Worker), Alex Puette (Worker)","Excellent 4K capture of Jack, Morgan, Rebecca, Paulo, Kurt, and Jeffrey’s debut! Increased wandering and unfocusing throughout. Includes curtain call and “We Raise Our Cups,” audio fed from external source.","Only released by the master as a 9.68 GB MP4, other file sizes are rips.",2026-03-02,,,Never Gift,Unrestricted,Bootleg,4K MP4 (9.68GB),,,Full Show,Walter Kerr Theatre,"New York, NY",2026-07-26,https://encora.it/recordings/2020104/,9.68GB,MP4 (4K )
Video,Hamilton,Broadway,"September, 2021",Unknown,StarCuffedJeans,"Miguel Cervantes (Alexander Hamilton), Krystal Joy Brown (Eliza Hamilton), Jin Ha (Aaron Burr), Mandy Gonzalez (Angelica Schuyler), Tamar Greene (George Washington), James Monroe Iglehart (Marquis de Lafayette/Thomas Jefferson), Fergie L. Philippe (Hercules Mulligan/James Madison), Daniel Yearwood (John Laurens/Philip Hamilton), Aubin Wise (Peggy Schuyler/Maria Reynolds), Euan Morton (King George III), Alexander Ferguson (Philip Schuyler/James Reynolds/Doctor), Thayne Jasperson (Samuel Seabury), Robert Walters (s/w Charles Lee), Preston Mui (George Eacker)",,,2022-04-01,,,Gift at your Discretion,Unrestricted,Bootleg,MP4 (HD) - 7.19 GB,,,Full Show,Richard Rodgers Theatre,"New York, NY",2026-07-16,https://encora.it/recordings/1115597/,7.19 GB,MP4 (HD)
Video,Harry Potter and the Cursed Child,Broadway,"November 20, 2024",Evening,bikinibottomday,"Matthew James Thomas (Harry Potter), Alex Serino (Albus Severus Potter), Erik C. Peterson (Scorpius Malfoy), Daniel Fredrick (Ron Weasley), Rachel Christopher (Hermione Granger), Sarah Killough (Ginny Potter), Aaron Bartz (Draco Malfoy), Ayanna Nicole Thomas (Rose Granger-Weasley/Young Hermione), Kristen Martin (Delphi Diggory), Isaac Phaman Reynolds (Craig Bowker Jr.), Allie Re (Moaning Myrtle/Lily Potter Sr.), Khadija Tariyan (Polly Chapman), Stephen Spinella (Severus Snape/Amos Diggory/Albus Dumbledore), Ted Deasy (Lord Voldemort), Chadd Alexander (Sorting Hat), Zachary Lindberg (Yann Fredericks), Eleasha Gamble (Madam Hooch), Megan Byrne (Dolores Umbridge/Professor McGonagall), Abbi Hawk (Trolley Witch), Maxim Chlumecky (Cedric Diggory/James Potter Jr./James Potter Sr.), Jay Mack (Karl Jenkins/Viktor Krum), Baylen Thomas (Station Master), Logan James Hall (Professor Mazoni), Paul Thornley (Voice of Ludo Bagman), Chris Jarman (Voice of Phone Box)","Excellent 4K capture of year 6 and the new shortened version of the show! Increased wandering / readjustment and unfocusing throughout. Slightly more obstruction in Act Two that doesn’t really block off anything. Includes curtain call, audio fed from external source.",,2026-05-10,,,Never Gift,Unrestricted,Bootleg,4K MP4 (11.61GB),,,Full Show,Lyric Theatre,"New York, NY",2026-07-28,https://encora.it/recordings/2022507/,11.61 GB,4K MP4
Video,Harry Potter and the Cursed Child - Part One,West End,"April 1, 2017",Matinee,Unknown,"Jamie Parker (Harry Potter), Sam Clemmett (Albus Severus Potter), Anthony Boyle (Scorpius Malfoy), Paul Thornley (Ron Weasley), Noma Dumezweni (Hermione Granger), Poppy Miller (Ginny Potter), Alex Price (Draco Malfoy), Cherrelle Skeete (Rose Granger-Weasley/Young Hermione), Esther Smith (Delphi Diggory), Annabel Baldwin (Moaning Myrtle/Lily Potter Sr.), Adam McNamara (u/s Hagrid/u/s Sorting Hat), Jenet Le Lacheur (Yann Fredericks), Barry McCarthy (Amos Diggory/Albus Dumbledore), Sandy McDade (Professor McGonagall/Trolley Witch), Jack North (u/s Cedric Diggory/u/s James Potter Jr./u/s James Potter Sr.), Joshua Wyatt (u/s Dudley Dursley/u/s Karl Jenkins/u/s Viktor Krum), Nuno Silva (Bane), Harrison Noble (Young Harry Potter), Phoebe Austen (Lily Potter Jr.), Andrew McDonald (u/s Station Master)",,,,,,Gift at your Discretion,Unrestricted,Bootleg,MP4 (720p),,,Full Show,Palace Theatre,"London, United Kingdom",2026-07-26,https://encora.it/recordings/5803/,7.88 GB,MP4 (720p)
Video,Harry Potter and the Cursed Child - Part Two,West End,"April 1, 2017",Evening,Unknown,"Jamie Parker (Harry Potter), Sam Clemmett (Albus Severus Potter), Anthony Boyle (Scorpius Malfoy), Paul Thornley (Ron Weasley), Noma Dumezweni (Hermione Granger), Poppy Miller (Ginny Potter), Alex Price (Draco Malfoy), Cherrelle Skeete (Rose Granger-Weasley/Young Hermione), Esther Smith (Delphi Diggory), Annabel Baldwin (Moaning Myrtle/Lily Potter Sr.), Adam McNamara (u/s Hagrid/u/s Sorting Hat), Jenet Le Lacheur (Yann Fredericks), Barry McCarthy (Amos Diggory/Albus Dumbledore), Sandy McDade (Professor McGonagall/Trolley Witch), Jack North (u/s Cedric Diggory/u/s James Potter Jr./u/s James Potter Sr.), Joshua Wyatt (u/s Dudley Dursley/u/s Karl Jenkins/u/s Viktor Krum), Nuno Silva (Bane), Harrison Noble (Young Harry Potter), Phoebe Austen (Lily Potter Jr.), Andrew McDonald (u/s Station Master)",,,,,,Gift at your Discretion,Unrestricted,Bootleg,MP4 (720p),,,Full Show,Palace Theatre,"London, United Kingdom",2026-07-26,https://encora.it/recordings/5804/,7.88 GB,MP4 (720p)
Audio,Heated Rivalry: The Unauthorized Musical Parody,Staged Reading,"March 23, 2026",Evening,bobbyskazoo,"Zachary Noah Piser (Shane), Jay Armstrong Johnson (Ilya), Cherry Torres (Shane's Mom/Others), Ryann Redmond (Main Susan/Others), Ryan Duncan (Ilya's Dad/Others)","<p>Perfect, no notes..Recorded from the third row; includes pre-show speech from Director Alan Kliffer. Constant audience laughter so some parts are a bit difficult to hear.</p><p><br></p><p>Do not post on any platform (TikTok, Tumblr, YouTube, Reddit, etc.). Please list as bobbyskazoo’s master. Feel free to trade as normal; never to be gifted or sold.</p>",,,,NFS,Never Gift,Unrestricted,Bootleg,M4A (untracked) - 248.9 MB,,,Full Show,The Bell House,"Brooklyn, NY",2026-07-26,https://encora.it/recordings/2030672/,248.9 MB,M4A
Video,Heathers: The Musical,Centro das Artes Prefeito Pedro Fávaro,"April, 2026",Unknown,holierthanthou,"Gabriella Barros (Veronica Sawyer), Gabriel Morgenstern (Jason ""J.D."" Dean), Gabriela Gobatto (Heather Chandler), Ana Dieb (Heather Duke), Lary Bassan (Heather McNamara), Thiago Ramos (Ram Sweeney), Davi Vaz (Kurt Kelly), Barbara Calestini (Martha Dunnstock), Danilo Rodrigues (Ram's Dad), Carlos Severo (Kurt's Dad), Carol Calestini (Veronica's Mom), Davi Martinhago (Mr. Fleming)",,,,NFTF,,Never Gift,Unrestricted,Bootleg,"MP4, 11.22GB",MP4 [ 11.22GB ],,Full Show,Centro das Artes Prefeito Pedro Fávaro,"Jundiaí, Brazil",2026-08-08,https://encora.it/recordings/2031400/,11.22GB,MP4
Audio,Heathers: The Musical,First Off-Broadway Revival,"April 4, 2026",Matinee,jjorbust,"Kuhoo Verma (Veronica Sawyer), Casey Likes (Jason ""J.D."" Dean), Peyton List (Heather Chandler), Jackera Davis (Heather Duke), Elizabeth Teeter (Heather McNamara), James Caleb Grice (u/s Ram Sweeney), Cade Ostermeyer (Kurt Kelly), Erin L. Morton (Martha Dunnstock), Syd Sider (u/s Ms. Fleming/u/s Veronica's Mom), Adam Bashian (Ram's Dad/Big Bud Dean/Coach Ripper), Jimmy Ray Bennett (Kurt's Dad/Veronica's Dad/Principal Gowan), Devin Lewis (Hipster Dork), Kiara Lee (Young Republicanette), Lav Raman (e/c Drama Club Drama Queen/e/c Officer Milner), Thalia Atallah (s/w Drama Club Drama Queen), Emma Benson (s/w Midwestern Surfer Punk), Louis Griffin (s/w Fresh Prince of Ohio/s/w Officer McCord)",Second act starts with a tad of shuffling noises but is done before dialogue starts. Includes pictures of program and understudy slip.,,,,NFS,Gift at your Discretion,Unrestricted,Bootleg,untracked M4A - 118.2 MB,,,Full Show,New World Stages - Stage 1,"New York, NY",2026-07-26,https://encora.it/recordings/2031239/,118.2 MB,M4A
Video,Heathers: The Musical,First Off-Broadway Revival,"April 30, 2026",Evening,angelofmusicishere,"Isabella Esler (Veronica Sawyer), John Cardoza (Jason ""J.D."" Dean), Zan Berube (Heather Chandler), Jackera Davis (Heather Duke), Elizabeth Teeter (Heather McNamara), Chris Marsh Clark (Ram Sweeney), James Caleb Grice (u/s Kurt Kelly), Erin L. Morton (Martha Dunnstock), Lisa Ann Walter (Ms. Fleming/Veronica's Mom), Adam Bashian (Ram's Dad/Big Bud Dean/Coach Ripper), Jimmy Ray Bennett (Kurt's Dad/Veronica's Dad/Principal Gowan)","Whole show shot from right mezzanine, nicely captured. Act II has brief moments of unfocusing because of usher movements.",,2027-04-30,,,Gift at your Discretion,Unrestricted,Bootleg,,,YESS ,Full Show,New World Stages - Stage 1,"New York, NY",2026-07-23,https://encora.it/recordings/2032741/,11.27 GB,MP4
Video,Heathers: The Musical,Mexico City (AE),"January, 2024",Unknown,MozartWasCrazy,"Daniela Pasquel (Veronica Sawyer), Oscar Castaña (Jason ""J.D."" Dean), Elisa Vargas (Heather Chandler), Paula Barbosa (Heather Duke), Sofía Vanegas (Heather McNamara), Mauricio Flores (Ram Sweeney), Julio Llorens (Kurt Kelly), Emily Montesinos (Martha Dunnstock), Melissa Torres (Ms. Fleming/Veronica's Mom), Arturo Estrada (Ram's Dad/Big Bud Dean/Coach Ripper), Edgardo Castillo (Kurt's Dad/Veronica's Dad), María Lomelín (Principal Gowan), Jerry Maldonado (Beleaguered Geek), Enrique Guzmán (Preppy Stud), Daniel Malo (Hipster Dork), Karen Meza (Stoner Chick), Martha Arteaga (Young Republicanette)","Excellent HD recording of AE's production of Heathers, filmed with a mix of medium, wides and closeups with minimal wandering, no obstruction and no washout. Starts 2 minutes into beautiful.

",,,NFTF,,Never Gift,Unrestricted,Bootleg,,MP4 [ 9.15 GB ],,Full Show,,,2026-08-16,https://encora.it/recordings/2030100/,9.15 GB,MP4
Video,Heathers: The Musical,First Off-Broadway Revival,"January, 2026 (4)",Unknown,StarCuffedJeans,"Kuhoo Verma (Veronica Sawyer), Casey Likes (Jason ""J.D."" Dean), Peyton List (Heather Chandler), Jackera Davis (Heather Duke), Elizabeth Teeter (Heather McNamara), Xavier McKinnon (Ram Sweeney), Cade Ostermeyer (Kurt Kelly), Syd Sider (u/s Martha Dunnstock), Kate Rockwell (Ms. Fleming/Veronica's Mom), Adam Bashian (Ram's Dad/Big Bud Dean/Coach Ripper), Jimmy Ray Bennett (Kurt's Dad/Veronica's Dad/Principal Gowan), James Caleb Grice (Beleaguered Geek/Officer McCord), Brian Martin (Preppy Stud/Officer Milner), Devin Lewis (Hipster Dork), Cecilia Trippiedi (New Wave Party Girl), Kiara Lee (Young Republicanette), Emma Benson (s/w Midwestern Surfer Punk)",,,2026-08-01,,,Gift at your Discretion,Unrestricted,Bootleg,MP4 (HD) - 5.93 GB,,,Full Show,New World Stages - Stage 1,"New York, NY",2026-08-02,https://encora.it/recordings/2028883/,5.93 GB,MP4
Video,Heathers: The Musical,Australia/New Zealand Tour,"May, 2026",Evening,DistressedChild,"Emma Caporaso (Veronica Sawyer), Mackenzie Htay (u/s Jason ""J.D."" Dean), Calista Nelmes (Heather Chandler), Amélia Rojas (Heather Duke), Abigail Sharp (Heather McNamara), David Cuny (Ram Sweeney), Nic Van Lits (Kurt Kelly), Mel O'Brien (Martha Dunnstock), Zoe Gertz (Ms. Fleming/Veronica's Mom), Ellis Dolan (Ram's Dad/Big Bud Dean/Coach Ripper), Brodie Masini (Kurt's Dad/Veronica's Dad/Principal Gowan), Samuel Henderson (Preppy Stud), Jack Reason (Hipster Dork), Hannah Chesser (New Wave Party Girl), Jocelyn Scott (Stoner Chick), Thalia Osegueda Santos (Young Republicanette), Scarlett Anthony (Drama Club Drama Queen), Aimee Jones (s/w Midwestern Surfer Punk)","First bootleg, please bear with me. Constant obstruction on the left side of the stage because Aussies are very tall (even two rows in front, damn). Shot from the very back with zoom from phone camera. Prioritised wide shots to capture whole stage and choreo but occasional zoom ins. Occasional coughing from person next to me and camera shifting and rotating because my arms are weak. Never upload anywhere to social media, never share to friends or family, keep it on your device only. NFT Forever unless through master.",I may only release to vetted Encora members/those who have reference from other masters to avoid leaks.,,NFTF,,Gift at your Discretion,Unrestricted,Bootleg,MP4 (4K HEVC) - 10.14 GB,,,Full Show,,,2026-07-31,https://encora.it/recordings/2034548/,10.14 GB,MP4 (4K HEVC)
Video,Heathers: The Musical,First Off-Broadway Revival,"December, 2025 (4)",Unknown,StarCuffedJeans,"Kuhoo Verma (Veronica Sawyer), Casey Likes (Jason ""J.D."" Dean), Jodie Steele (t/r Heather Chandler), Jackera Davis (Heather Duke), Elizabeth Teeter (Heather McNamara), Xavier McKinnon (Ram Sweeney), Cade Ostermeyer (Kurt Kelly), Erin L. Morton (Martha Dunnstock), Kerry Butler (Ms. Fleming/Veronica's Mom), Ben Davis (Ram's Dad/Big Bud Dean/Coach Ripper), Brian Martin (u/s Kurt's Dad/u/s Veronica's Dad/u/s Principal Gowan), James Caleb Grice (Beleaguered Geek/Officer McCord), Devin Lewis (Hipster Dork), Cecilia Trippiedi (New Wave Party Girl), Syd Sider (Stoner Chick), Lav Raman (s/w Drama Club Drama Queen), Louis Griffin (s/w Fresh Prince of Ohio/s/w Officer Milner)",,,2026-07-01,,,Never Gift,Unrestricted,Bootleg,MP4 (1080p) - 5.96 GB,,,Full Show,New World Stages - Stage 1,"New York, NY",2026-07-29,https://encora.it/recordings/2027327/,5.96 GB,MP4
Audio,Heathers: The Musical,First Off-Broadway Revival,"May 9, 2026",Matinee,willmcsigma,"Isabella Esler (Veronica Sawyer), John Cardoza (Jason ""J.D."" Dean), Zan Berube (Heather Chandler), Jackera Davis (Heather Duke), Elizabeth Teeter (Heather McNamara), Chris Marsh Clark (Ram Sweeney), Cade Ostermeyer (Kurt Kelly), Erin L. Morton (Martha Dunnstock), Lisa Ann Walter (Ms. Fleming), Adam Bashian (Big Bud Dean/Coach Ripper), Devin Lewis (Hipster Dork), Cecilia Trippiedi (New Wave Party Girl), Syd Sider (Stoner Chick), Kiara Lee (Young Republicanette), Louis Griffin (s/w Fresh Prince of Ohio)","Notes: Recorded from fourth row center orch. I laughed a lot. I think I forgot to stop recording audio and accidentally got an interesting conversation between me and an usher in there. Just ignore it. Zan Berube is funny as HELL. So is Lisa Ann Walter. Louis in Brian’s track. Includes not-the-best phone capture videos of the Heathers’ entrance in Beautiful, Candy Store, Candy Store Playoff and Never Shut Up Again.",,,,,Gift at your Discretion,Unrestricted,Bootleg,,,,Full Show,New World Stages - Stage 1,"New York, NY",2026-07-26,https://encora.it/recordings/2036211/,N/A,N/A
Video,Heathers: The Musical,First Off-Broadway Revival,"January, 2026",Matinee,DutchieSin,"Kuhoo Verma (Veronica Sawyer), Casey Likes (Jason ""J.D."" Dean), Peyton List (Heather Chandler), Jackera Davis (Heather Duke), Elizabeth Teeter (Heather McNamara), Xavier McKinnon (Ram Sweeney), Cade Ostermeyer (Kurt Kelly), Syd Sider (u/s Martha Dunnstock), Kate Rockwell (Ms. Fleming/Veronica's Mom), Adam Bashian (Ram's Dad/Big Bud Dean/Coach Ripper), Jimmy Ray Bennett (Kurt's Dad/Veronica's Dad/Principal Gowan), James Caleb Grice (Beleaguered Geek/Officer McCord), Brian Martin (Preppy Stud/Officer Milner), Devin Lewis (Hipster Dork), Cecilia Trippiedi (New Wave Party Girl), Kiara Lee (Young Republicanette), Emma Benson (s/w Midwestern Surfer Punk)","Partial Recording from 2nd row aisle, mostly of stage right, all action on stage left is cut off as well as some upfront action in the middle of the stage. Vertically filmed (blindly) with an iPhone 14 with VERY minimal washout, Kindergarten Boyfriend, Yo Girl, and Meant to be Yours are both out of focus sadly but still watchable. Missing 20% of Act 1 and Act 2 is complete. Do not post any clips, screenshots, or audio from this!!

Recording includes Candy Store (beginning with Ram kissed Martha Dumptruck.. it was disgusting.), Candy Store (Reprise), Big Fun, Dead Girl Walking, and everything after! Additionally, Steve was literally right in front of me, so the Steve improv bit is a MASSIVE highlight!","Only available through trade with master until NFT date. Even though it's a pretty meh capture, this is NFT until March 8th mainly because I just want to be careful since this is the only KNOWN Peyton List recording (as of Feb 8th).",2026-03-08,,NFS,Never Gift,Unrestricted,Bootleg,,4.95 GB  mp4,,Partial recording,New World Stages - Stage 1,"New York, NY",2026-08-03,https://encora.it/recordings/2028567/,4.95 GB,MP4
Video,Heathers: The Musical,First Off-Broadway Revival,"July, 2025 (2)",Unknown,StarCuffedJeans,"Lorna Courtney (Veronica Sawyer), Casey Likes (Jason ""J.D."" Dean), McKenzie Kurtz (Heather Chandler), Olivia Elease Hardy (Heather Duke), Elizabeth Teeter (Heather McNamara), James Caleb Grice (u/s Ram Sweeney), Cade Ostermeyer (Kurt Kelly), Erin L. Morton (Martha Dunnstock), Kerry Butler (Ms. Fleming/Veronica's Mom), Ben Davis (Ram's Dad/Big Bud Dean/Coach Ripper), Cameron Loyal (Kurt's Dad/Veronica's Dad/Principal Gowan), Brian Martin (Preppy Stud/Officer Milner), Devin Lewis (Hipster Dork), Cecilia Trippiedi (New Wave Party Girl), Syd Sider (Stoner Chick), Kiara Lee (Young Republicanette), Louis Griffin (s/w Fresh Prince of Ohio/s/w Officer McCord)","james' ram debut, act one gets blurry when zoomed out too much but this is quickly corrected",Watermarked version is circulating more than the non-watermarked due to a leak. Check with traders for their files! Louis was on for James's track of Belaguered Geek.,2026-01-01,,,Never Gift,Unrestricted,Bootleg,MP4 (1080p) - 5.87 GB (02:03:36),,,Full Show,New World Stages - Stage 1,"New York, NY",2026-08-03,https://encora.it/recordings/2017468/,5.96 GB,MP4
Video,Heathers: The Musical,First Off-Broadway Revival,"August 4, 2025",Evening,Medium Observation,"Lorna Courtney (Veronica Sawyer), Casey Likes (Jason ""J.D."" Dean), McKenzie Kurtz (Heather Chandler), Olivia Elease Hardy (Heather Duke), Elizabeth Teeter (Heather McNamara), Xavier McKinnon (Ram Sweeney), Cade Ostermeyer (Kurt Kelly), Erin L. Morton (Martha Dunnstock), Kerry Butler (Ms. Fleming/Veronica's Mom), Ben Davis (Ram's Dad/Big Bud Dean/Coach Ripper), Cameron Loyal (Kurt's Dad/Veronica's Dad/Principal Gowan), James Caleb Grice (Beleaguered Geek/Officer McCord), Brian Martin (Preppy Stud/Officer Milner), Devin Lewis (Hipster Dork), Cecilia Trippiedi (New Wave Party Girl), Syd Sider (Stoner Chick), Kiara Lee (Young Republicanette)","Wonderful capture of this amazing revival and cast! During big group numbers, I tend to go with a wideshot instead of focusing on one person. Camera sometimes wanders down. Some washout, shakiness, and readjusting throughout. Subtitles included with video (Made by Rayhoo).",,2026-03-01,,,Never Gift,Unrestricted,Bootleg,,,,Full Show,New World Stages - Stage 1,"New York, NY",2026-07-26,https://encora.it/recordings/2019867/,10.23 GB,MP4
Video,Heathers: The Musical,Paper Wing Theatre,"August, 2025",Evening,Ostarion,"Michaela Velasco (Veronica Sawyer), Grant Sturm (Jason ""J.D."" Dean), Teagan Cox (Heather Chandler), Taylor-Rain Coleman (Heather Duke), Ruby Pelton (Heather McNamara), Brian Steen-Larsen (Ram Sweeney), Palmer Morrison (Kurt Kelly), Nanni Westgate (Martha Dunnstock), Kimberly Blake (Ms. Fleming/Veronica's Mom), Nick Kelley (Ram's Dad/Big Bud Dean/Coach Ripper), Jared Hussey (Kurt's Dad/Veronica's Dad/Principal Gowan), Caesar DiFranco (Beleaguered Geek), Josh Kaiser (Preppy Stud/Officer Milner), Haley Robinson (Hipster Dork/Officer McCord), Nancy Lara (New Wave Party Girl), Jenny Cruz (Stoner Chick), Sophie Henrard (Young Republicanette)",Opening night of Heathers with that one hot JD from tiktok/instagram. Decently-shot in 4K; most of the action is caught with moderate head obstruction. Gifting encouraged!,Can be found on YouTube as Paper Wing Heathers Slime Tutorial. Video uploaded by the master per request of an individual associated with the theatre.,,,,Gift at your Discretion,Unrestricted,Bootleg,MP4 - 9.14 GB,,,Full Show,,"Monterey, CA",2026-07-26,https://encora.it/recordings/2019995/,9.14 GB,MP4
Video,Heathers: The Musical,First Off-Broadway Revival,"August, 2025 (6)",Unknown,StarCuffedJeans,"Sara Al-Bazali (s/b Veronica Sawyer), Casey Likes (Jason ""J.D."" Dean), McKenzie Kurtz (Heather Chandler), Kiara Lee (u/s Heather Duke), Elizabeth Teeter (Heather McNamara), Xavier McKinnon (Ram Sweeney), Cade Ostermeyer (Kurt Kelly), Syd Sider (u/s Martha Dunnstock), Kerry Butler (Ms. Fleming/Veronica's Mom), Ben Davis (Ram's Dad/Big Bud Dean/Coach Ripper), Cameron Loyal (Kurt's Dad/Veronica's Dad/Principal Gowan), James Caleb Grice (Beleaguered Geek/Officer McCord), Devin Lewis (Hipster Dork), Cecilia Trippiedi (New Wave Party Girl), Lav Raman (s/w Drama Club Drama Queen), Emma Benson (s/w Midwestern Surfer Punk), Louis Griffin (s/w Fresh Prince of Ohio/s/w Officer Milner)",,"Heavily focused on Sara. Lav was on for Kiara's track, Emma was on for Syd’s and Louis was on for Brian Martin's.",2026-03-01,,,Gift at your Discretion,Unrestricted,Bootleg,MP4 (HD) - 5.92 GB,,,Full Show,New World Stages - Stage 1,"New York, NY",2026-07-26,https://encora.it/recordings/2020625/,5.92 GB,.MP4
Video,Heathers: The Musical,First Off-Broadway Revival,"July, 2025 (1)",Unknown,StarCuffedJeans,"Lorna Courtney (Veronica Sawyer), Casey Likes (Jason ""J.D."" Dean), McKenzie Kurtz (Heather Chandler), Olivia Elease Hardy (Heather Duke), Elizabeth Teeter (Heather McNamara), Xavier McKinnon (Ram Sweeney), Cade Ostermeyer (Kurt Kelly), Erin L. Morton (Martha Dunnstock), Kerry Butler (Ms. Fleming/Veronica's Mom), Ben Davis (Ram's Dad/Big Bud Dean/Coach Ripper), Brian Martin (u/s Kurt's Dad/u/s Veronica's Dad/u/s Principal Gowan), James Caleb Grice (Beleaguered Geek/Officer McCord), Devin Lewis (Hipster Dork), Cecilia Trippiedi (New Wave Party Girl), Syd Sider (Stoner Chick), Kiara Lee (Young Republicanette), Louis Griffin (s/w Fresh Prince of Ohio/s/w Officer Milner)","brian's debut in that role, lewis' debut",,2026-06-01,,,Gift at your Discretion,Unrestricted,Bootleg,MP4 (HD) - 5.94 GB,,,Full Show,New World Stages - Stage 1,"New York, NY",2026-07-29,https://encora.it/recordings/2026635/,5.96 GB,MP4
Video,Heathers: The Musical,Off-Broadway,"March 24, 2014",Evening,makethestorylast,"Barrett Wilbert Weed (Veronica Sawyer), Ryan McCartan (Jason ""J.D."" Dean), Jessica Keenan Wynn (Heather Chandler), Alice Lee (Heather Duke), Elle McLemore (Heather McNamara), Jon Eidson (Ram Sweeney), Evan Todd (Kurt Kelly), Katie Ladner (Martha Dunnstock), Michelle Duffy (Ms. Fleming/Veronica's Mom), Anthony Crivello (Ram's Dad/Big Bud Dean/Coach Ripper), Daniel Cooney (Kurt's Dad/Veronica's Dad/Principal Gowan), Dustin Sullivan (Beleaguered Geek), AJ Meijer (Preppy Stud/Officer Milner), Dan Domenech (Hipster Dork/Officer McCord), Charissa Hogeland (New Wave Party Girl), Rachel Flynn (Stoner Chick), Cait Fairbanks (Young Republicanette)",,Act 1 highlights lasting about an hour. Gifted upon request. Some copies circulate with the full audio from the master.,,,,Gift at your Discretion,Unrestricted,Bootleg,MP4 (HD) and M2T (HD) - 4.36 GB,,,Highlights,New World Stages - Stage 1,"New York, NY",2026-08-04,https://encora.it/recordings/86/,4.36 GB,MP4
Video,Heathers: The Musical,Off-Broadway,"May 25, 2014",Evening,SJ Bernly,"Barrett Wilbert Weed (Veronica Sawyer), Dan Domenech (u/s Jason ""J.D."" Dean), Charissa Hogeland (u/s Heather Chandler), Alice Lee (Heather Duke), Elle McLemore (Heather McNamara), Jon Eidson (Ram Sweeney), Evan Todd (Kurt Kelly), Katie Ladner (Martha Dunnstock), Michelle Duffy (Ms. Fleming/Veronica's Mom), Anthony Crivello (Ram's Dad/Big Bud Dean/Coach Ripper), Daniel Cooney (Kurt's Dad/Veronica's Dad/Principal Gowan), Dustin Sullivan (Beleaguered Geek), AJ Meijer (Preppy Stud/Officer Milner), Matthew Schatz (s/w Hipster Dork/s/w Officer McCord), Molly Hager (s/w New Wave Party Girl), Rachel Flynn (Stoner Chick), Cait Fairbanks (Young Republicanette)","<p>A near perfect capture and the first known DVD of this shows Off-Broadway run. Barrett is incredibly talented: amazing vocals, acting and comedic timing. Dan and Charissa are both fantastic in their roles as well. The show is absolutely hysterical, much improved from the movie version. The first minute of Act One is blacked out, but the show is otherwise fully intact with no blackouts and only slight washout in a few wide shots. There is no obstruction, the video is steady, the sound is excellent, and its captured very well with the usual mix of wides, mediums, and close-ups. Its filmed in 16:9 and includes curtain call, encore, and playbill scans.</p>","Available as both a widely circulated DVD, and a much rarer 1080p Blu-Ray.",,,,Gift at your Discretion,Unrestricted,Bootleg,5.73 GB DVD / 24.20 GB Blu-Ray,,,Full Show,New World Stages - Stage 1,"New York, NY",2026-08-04,https://encora.it/recordings/65/,5.73 GB,5.73 GB DVD / 24.20 GB Blu-Ray
Video,Heathers: The Musical,First West End Revival,"July, 2021",Unknown,sandrabanana,"Christina Bennington (Veronica Sawyer), Jordan Luke Gage (Jason ""J.D."" Dean), Jodie Steele (Heather Chandler), Bobbie Little (Heather Duke), Frances Mayli McCann (Heather McNamara), Joaquin Pedro Valdes (Ram Sweeney), Ross Harmon (Kurt Kelly), Madison Swan (Martha Dunnstock), Lauren Ward (Ms. Fleming/Veronica's Mom), Simon Bailey (Ram's Dad/Big Bud Dean/Coach Ripper), Steven Serlin (Kurt's Dad/Veronica's Dad/Principal Gowan), Giles Surridge (Beleaguered Geek), Iván Fernández González (Preppy Stud/Officer Milner), Christopher Parkinson (Hipster Dork/Officer McCord), Teleri Hughes (New Wave Party Girl), Rachel Rawlinson (Stoner Chick), Rumi Sutton (Young Republicanette), Aimee Hodnett (Drama Club Drama Queen)",,"missing the first song (up until martha is introduced), but the rest is a great video with no dropouts or obstructions. original 4k files can be included if wanted. SCREENSHOTS NOT PERMITTED. contact master for screenshots/info",2021-11-01,,,Gift at your Discretion,Unrestricted,Bootleg,MP4 (HD release+ 4K original files) - 50.71 GB,,,Full Show,Theatre Royal Haymarket,"London, United Kingdom",2026-07-30,https://encora.it/recordings/1110383/,5.54 GB,MP4
Video,Heathers: The Musical,West End,"November 24, 2018",Evening,NYCG8R,"Carrie Hope Fletcher (Veronica Sawyer), Jamie Muscato (Jason ""J.D."" Dean), Jodie Steele (Heather Chandler), T'Shan Williams (Heather Duke), Sophie Isaacs (Heather McNamara), Dominic Andersen (Ram Sweeney), Christopher Chung (Kurt Kelly), Jenny O'Leary (Martha Dunnstock), Amy Booth-Steel (Ms. Fleming/Veronica's Mom), Nathan Amzi (Ram's Dad/Big Bud Dean/Coach Ripper), Brandon Lee Sears (u/s Kurt's Dad/u/s Veronica's Dad/u/s Principal Gowan), Alex James-Hatton (Beleaguered Geek/Officer Milner), Jhon Lumsden (Hipster Dork/u/s Officer McCord), Lauren Drew (New Wave Party Girl), Charlotte Jaconelli (Stoner Chick), Olivia Moore (Young Republicanette), Merryl Ansah (Drama Club Drama Queen)",,Closing night. A couple heads at the bottom of the screen that obstruct a bit but are shot around when action is downstage.,2019-03-15,,,Gift at your Discretion,Unrestricted,Bootleg,,,,Full Show,Theatre Royal Haymarket,"London, United Kingdom",2026-07-16,https://encora.it/recordings/7832/,N/A,N/A
Video,Heathers: The Musical,West End,"October 27, 2018",Evening,hitmewithyourbethshot,"Olivia Moore (u/s Veronica Sawyer), Jamie Muscato (Jason ""J.D."" Dean), Jodie Steele (Heather Chandler), T'Shan Williams (Heather Duke), Sophie Isaacs (Heather McNamara), Dominic Andersen (Ram Sweeney), Christopher Chung (Kurt Kelly), Jenny O'Leary (Martha Dunnstock), Rebecca Lock (Ms. Fleming/Veronica's Mom), Nathan Amzi (Ram's Dad/Big Bud Dean/Coach Ripper), Brandon Lee Sears (u/s Kurt's Dad/u/s Veronica's Dad/u/s Principal Gowan), Alex James-Hatton (Beleaguered Geek/Officer Milner), Jhon Lumsden (Hipster Dork/u/s Officer McCord), Lauren Drew (New Wave Party Girl), Charlotte Jaconelli (Stoner Chick), Merryl Ansah (Drama Club Drama Queen)",,Stage partially blocked by heads & circle overhang,2019-02-28,,,Gift at your Discretion,Unrestricted,Bootleg,,,,Full Show,Theatre Royal Haymarket,"London, United Kingdom",2026-07-24,https://encora.it/recordings/5650/,4.23 GB,MP4
Video,Heathers: The Musical,Off-West End Revival,"April, 2023",Unknown,hitmewithyourbethshot,"Miracle Chance (Veronica Sawyer), Ellis Kirk (Jason ""J.D."" Dean), Olivia Barnett-Legh (Heather Chandler), Kia-Paris Walcott (Heather Duke), Katharine Pearson (Heather McNamara), Cristian Zaccarini (Ram Sweeney), Will Breckin (Kurt Kelly), Katie Ramshaw (Martha Dunnstock), Rachel Breeze (Ms. Fleming/Veronica's Mom), Alexander McMorran (Ram's Dad/Big Bud Dean/Coach Ripper), Alexander Service (Kurt's Dad/Veronica's Dad/Principal Gowan)",,"MTS, shot around heads",2023-09-22,,,Gift at your Discretion,Unrestricted,Bootleg,MTS (HD),,,Full Show,The Other Palace Theatre,"London, United Kingdom",2026-07-30,https://encora.it/recordings/1141485/,14.5 GB,MTS (HD)
Video,Heathers: The Musical,Third UK Tour,"July, 2024",Unknown,hitmewithyourbethshot,"Jenna Innes (Veronica Sawyer), Keelan McAuley (Jason ""J.D."" Dean), Esme Bowdler (Heather Chandler), Sedona Sky (Heather Duke), Daisy Twells (Heather McNamara), Jason Battersby (Ram Sweeney), Iván Fernández González (Kurt Kelly), Amy Miles (Martha Dunnstock), Lucy Sinclair (Ms. Fleming/Veronica's Mom), Conor McFarlane (Ram's Dad/Big Bud Dean/Coach Ripper), Alexander Service (Kurt's Dad/Veronica's Dad/Principal Gowan)",Shot around heads & safety rails,,2025-01-29,,,Gift at your Discretion,Unrestricted,Bootleg,MTS,,,Full Show,,,2026-07-28,https://encora.it/recordings/2003711/,11.38 GB,MTS
Video,Heathers: The Musical,The Empty Space,"September 9, 2022",Evening,TheBootlegNerd,"Sophie Payne (Veronica Sawyer), Jesse Magdaleno (Jason ""J.D."" Dean), Ellie Sivesind (Heather Chandler), Maya Blackstone (Heather Duke), Alyssa Bonanno (Heather McNamara), Dylan Rogge (Ram Sweeney), Eli Castillo (Kurt Kelly), Julie Verrell (Martha Dunnstock), Ariel Clark (Ms. Fleming), Justin Thompson (Ram's Dad), Dallas Stumbaugh (Kurt's Dad), Angel Perez (Ensemble), Jocelyn Barrison (Ensemble), Aron Clugston (Ensemble), Bri Deras (Ensemble), Jordan Espirtu (Ensemble), Chloe Gomez (Ensemble), Isaiah Esparza (Ensemble), Shelbe McClain (Ensemble), Salvador Vidaurri (Ensemble), Stevie McNabb (Ensemble), Elijah Hall (Ensemble), Amanda Linares (Ensemble)","Alright HD capture of the Empty Space production of Heathers in the post opening week with a sold out crowd. No major obstructions though a head or two sometimes appears on the side of the screen but, it doesn’t really bother the video. A lot of blackouts due to bright lights pointing almost directly at the master especially during most of “Beautiful” except for Heathers entrance and pretty much all of “My Dead Gay Son” though I tried to film those scenes between my fingers. But, most of the show is captured like 85-90% of the whole thing. Act Two includes audio from part intermission of the reveal of the winner of the raffle the theatre did before the show before Act 2 officially starts. Jesse and Julie give such powerful performances as J.D and Martha, if you’re a fan of the show, trust me, you’ll want to hear this. A-",,2023-03-27,,NFS,Gift at your Discretion,Unrestricted,Bootleg,MP4 (HD) or VOB with Smalls (SD),,,Full Show,Empty Space Theatre,"Bakersfield, CA",2026-08-04,https://encora.it/recordings/1132225/,N/A,MP4
Video,Heathers: The Musical,Off-West End Revival,"June, 2022",Unknown,Lasagna,"May Tether (u/s Veronica Sawyer), Simon Gordon (Jason ""J.D."" Dean), Maddison Firth (Heather Chandler), Vivian Panka (Heather Duke), Teleri Hughes (Heather McNamara), Rory Phelan (Ram Sweeney), Liam Doyle (Kurt Kelly), Bayley Hart (u/s Martha Dunnstock), Vicki Lee Taylor (Ms. Fleming/Veronica's Mom), Daisy Twells (e/c Stoner Chick)",,"Great capture of May as Veronica! Minimal obstruction but blindshot at points due to usher presence, meaning all action is captured but not always perfectly centred. Act 2 is occasionally disrupted by someone with the World's Most Itchiest Ear as their hand obstructs the video at times.",2023-12-29,,,Gift at your Discretion,Unrestricted,Bootleg,MP4 (4K),,,Full Show,The Other Palace Theatre,"London, United Kingdom",2026-07-30,https://encora.it/recordings/1127153/,9.08 GB,MP4 (4K)
Video,Heathers: The Musical,First UK Tour,"November, 2021",Unknown,hitmewithyourbethshot,"May Tether (u/s Veronica Sawyer), Simon Gordon (Jason ""J.D."" Dean), Maddison Firth (Heather Chandler), Merryl Ansah (Heather Duke), Lizzy Parker (Heather McNamara), Rory Phelan (Ram Sweeney), Liam Doyle (Kurt Kelly), Mhairi Angus (Martha Dunnstock), Georgina Hagen (Ms. Fleming/Veronica's Mom), Kurt Kansley (Ram's Dad/Big Bud Dean/Coach Ripper), Andy Brady (Kurt's Dad/Veronica's Dad/Principal Gowan)",,,2022-03-24,,,Gift at your Discretion,Unrestricted,Bootleg,MTS,,,Full Show,,,2026-07-30,https://encora.it/recordings/1123097/,14 GB,MTS
Video,Heathers: The Musical,First West End Revival,"July, 2021",Unknown,hitmewithyourbethshot,"Christina Bennington (Veronica Sawyer), Jordan Luke Gage (Jason ""J.D."" Dean), Jodie Steele (Heather Chandler), Bobbie Little (Heather Duke), Frances Mayli McCann (Heather McNamara), Joaquin Pedro Valdes (Ram Sweeney), Ross Harmon (Kurt Kelly), Madison Swan (Martha Dunnstock), Lauren Ward (Ms. Fleming/Veronica's Mom), Simon Bailey (Ram's Dad/Big Bud Dean/Coach Ripper), Steven Serlin (Kurt's Dad/Veronica's Dad/Principal Gowan), Giles Surridge (Beleaguered Geek), Iván Fernández González (Preppy Stud/Officer Milner), Christopher Parkinson (Hipster Dork/Officer McCord), Teleri Hughes (New Wave Party Girl), Rachel Rawlinson (Stoner Chick), Rumi Sutton (Young Republicanette), Aimee Hodnett (Drama Club Drama Queen)",,"MTS, shot around heads",,,,Gift at your Discretion,Unrestricted,Bootleg,MTS (HD),,,Full Show,Theatre Royal Haymarket,"London, United Kingdom",2026-07-30,https://encora.it/recordings/1120833/,14.76 GB,MTS (HD)
Video,Hedwig and the Angry Inch,Haven Chicago,"July, 2024",Evening,soysaucepierre,"Tyler Anthony Smith (Hedwig), Ismael Garcia (Yitzhak)","TW: Transphobia and slurs; this performance was recommended for an 18+ audience. <br>Ok phone boot of this iconic musical. Yay for trans actors!! Actors used the whole space, so on the extreme sides, action is missed. Heads always visible in shot but don't block much unless actors are sitting. During the last song, the person in front of me was annoyingly waving his arms above his head. Actors were occasionally right in front of me, so there are some nice close shots of them. Occasional underexposure, and increased readjustments and shakiness throughout. Shot from house right center aisle. Filmed in 4K, edited to 1080p. <br>TLDR: Trans people being iconic with some obstruction.",,,,,Never Gift,Unrestricted,Bootleg,MP4,MP4 [ 7.62 GB ],,Full Show,Den Theatre,"Chicago, IL",2026-08-11,https://encora.it/recordings/2003396/,7.62 GB,MP4
Video,Hell's Kitchen,Broadway,"May 16, 2024",Evening,bikinibottomday,"Maleah Joi Moon (Ali), Shoshana Bean (Jersey), Kecia Lewis-Evans (Miss Liza Jane), Brandon Victor Dixon (Davis), Chris Lee (Knuck), Vanessa Ferguson (Tiny), Jackie Leon (Jessica), Nyseli Vega (Millie), Chad Carstarphen (Ray), Rema Webb (Crystal), Jakeim Hart (Q), Lamont Walker II (Riq), Reid Clarke (Ensemble), Chloe Davis (Ensemble), Nico DeJesus (Ensemble), Timothy L. Edwards (Ensemble), David Guzman (Ensemble), Raechelle Manalo (Ensemble), Sarah Parker (Ensemble), Niki Saludez (Ensemble)","<p>Excellent 4K capture of this new musical! Increased moments of wandering and unfocusing. Spotlight washout somewhat frequently. First minute or so is blocked by people standing up. Very minor head obstruction on the sides. Includes curtain call, audio is fed from external source.</p>",,2024-12-02,,,Never Gift,Unrestricted,Bootleg,MP4 (4K) - 10.72 GB,,,Full Show,Shubert Theatre,"New York, NY",2026-07-26,https://encora.it/recordings/2000756/,10.72 GB,MP4 (4K)
Video,Hercules,West End,"June, 2025",Unknown,hitmewithyourbethshot,"Luke Brady (Hercules), Mae Ann Jorolan (Meg), Candace Furbert (Thalia), Stephen Carlile (Hades), Malinda Parris (Calliope), Joel Benjamin (Zeus), Robyn Rose (Terpsichore), Ellie Mitchell (Hera), Sharlene Hector (Clio), Trevor Dion Nicholas (Phil), Brianna Ogunbawo (Melpomene), Saffi Needham (Despina), Craig Gallivan (Bob), Lee Zarrett (Charles)",Shot around heads,,2025-11-21,,,Gift at your Discretion,Unrestricted,Bootleg,MTS,MTS [ 9.50 GB ],,Full Show,Theatre Royal Drury Lane,"London, United Kingdom",2026-08-12,https://encora.it/recordings/2016026/,9.50 GB,MTS
Audio,Jamie Muscato in Concert,Theatre Royal Drury Lane,"March 22, 2026",Evening,teenytinysandwiches,"Jamie Muscato (Performer), Eloise (g/p Performer), Jack Wolfe (g/p Performer)","And then he went straight back to Edinburgh after this show and STILL didn’t sleep?? Jamie!
I asked him the following Tuesday if he’d caught up on sleep yet and he said, “Not quite.”

Includes untracked audio, tracked songs, tracked banter, program, professional photos by Rich Southgate and Danny Kaan, lyrics, and transcript of banter.

Guest Performers: Eloise, Jack Wolfe

Act 1
[00:00:24] Higher Ground - Stevie Wonder
[00:05:32] Music of the Night (from Phantom of the Opera)
[00:09:04] Life on Mars (from Lazarus)
[00:11:52] Sonya Alone from (Natasha, Pierre & The Great Comet of 1812)
[00:19:22] Freeze Your Brain (from Heathers)
[00:22:54] Bless the Telephone - Labi Siffre
[00:25:19] Leave (from Once)
[00:30:00] Hit Me Baby One More Time - Britney Spears
[00:36:04] Best Part (w/ Eloise)
[00:41:26] My Man and Me (Eloise solo)
[00:45:07] I’m Not That Girl (from Wicked)
[00:49:31] Past is Catching Up to Me (from The Great Gatsby)

Act 2
[00:54:28] Nessun Dorma (from Puccini’s Turandot)
[00:56:46] Teenage Dirtbag - Wheatus
[01:02:16] Same Drugs - Chance the Rapper
[01:09:31] Creep - Radiohead (Jamieoke)
[01:14:52] Lover, You Should’ve Come Over - Jeff Buckley
[01:22:53] Only Us (w/ Jack Wolfe, from Dear Evan Hansen)
[01:27:18] Lullabye (Goodnight, My Angel) - Billy Joel
[01:31:25] For Her / Roxanna / Meant to Be Yours
[01:40:55] Part of Your World (from The Little Mermaid)",,2026-05-19,,NFS,Never Gift,Unrestricted,Bootleg,"tracked and untracked M4A, 53.9 MB, 01:45:47",,,Full Show,Theatre Royal Drury Lane,"London, United Kingdom",2026-07-30,https://encora.it/recordings/2033002/,53.9 MB,M4A
Audio,Jamie Muscato in Concert,Theatre Royal Drury Lane,"March 22, 2026",Matinee,teenytinysandwiches,"Jamie Muscato (Performer), Eloise (g/p Performer), Jack Wolfe (g/p Performer)","Our beloved sleep-deprived Jamie <3 What a trooper.

Includes untracked audio, tracked songs, tracked banter, program, professional photos by Rich Southgate and Danny Kaan, lyrics, and transcript of banter.

Guest Performers: Eloise, little Jack Wolfe

Act 1
[00:00:26] Higher Ground - Stevie Wonder
[00:05:42] Music of the Night (from Phantom of the Opera)
[00:09:19] Life on Mars (from Lazarus)
[00:12:04] Sonya Alone from (Natasha, Pierre & The Great Comet of 1812)
[00:18:48] Freeze Your Brain (from Heathers)
[00:22:12] Bless the Telephone - Labi Siffre
[00:24:39] Leave (from Once)
[00:29:41] Hit Me Baby One More Time - Britney Spears
[00:35:49] Best Part (w/ Eloise) - H.E.R. and Daniel Caesar
[00:41:10] My Man and Me (Eloise solo)
[00:44:53] I’m Not That Girl (from Wicked)
[00:49:52] Past is Catching Up to Me (from The Great Gatsby)

Act 2
[00:54:44] Nessun Dorma (from Puccini’s Turandot)
[00:56:56] Teenage Dirtbag - Wheatus
[01:02:26] Same Drugs - Chance the Rapper
[01:10:02] Go the Distance (from Hercules) - Jamieoke
[01:14:30] Lover, You Should’ve Come Over - Jeff Buckley
[01:23:26] Only Us (w/ Jack Wolfe, from Dear Evan Hansen)
[01:27:51] Lullabye (Goodnight, My Angel) - Billy Joel
[01:31:45] For Her / Roxanne / Meant to Be Yours
[01:42:11] Part of Your World (from The Little Mermaid)",,2026-05-19,,NFS,Never Gift,Unrestricted,Bootleg,"tracked and untracked M4A, 54.3 MB, 01:46:43",,,Full Show,Theatre Royal Drury Lane,"London, United Kingdom",2026-07-30,https://encora.it/recordings/2033001/,54.3 MB,M4A
Video,Jawbreaker The Musical,Concert Reading,"July 29, 2010",Evening,Unknown,"Lesli Margherita (Courtney/Marcie ""Foxy"" Fox), Jackie Seiden (Courtney), Shoshana Bean (Courtney), Eden Espinosa (Courtney), Megan Hilty (Fern Mayo), Jenna Leigh Green (Julie), Jennifer Malenke (Julie), Scarlett Cherry (Julie), Deborah S. Craig (Marcie ""Foxy"" Fox), Elizabeth Brackenbury (Liz Purr/Vylette), James Snyder (Zack), Leslie Odom Jr. (Zack), Katie Thompson (Vylette), Marty Thomas (Principal Sherwood), Ryan VanDyke (Dane), Ashley Fink (Host), Nicole Kaplan (Ensemble), Katie Kern (Ensemble), Vic Mazzone (Ensemble), Aaron Neely (Ensemble), Aynsley Bubbico (Ensemble), Nick Galbraith (Ensemble)",,"Staged concert reading with some of Broadway’s best alternating in the roles. Shot very close to the stage. Around 46 minutes in, there is a glitch where the audio of Shoshana singing plays over Ashley’s intro. Unclear if a proper copy exists. An audio from this concert also circulates, but it’s a rip of this video as it has the same glitch.",,,,Gift at your Discretion,Unrestricted,Bootleg,,,,Full Show,Show at Barre,"Los Angeles, CA",2026-07-26,https://encora.it/recordings/23507/,4.06 GB,VOBs + smalls
Video,Jesus Christ Superstar,Hollywood Bowl,"August, 2025",Evening,MTTZ,"Cynthia Erivo (Jesus Christ), Adam Lambert (Judas Iscariot), Phillipa Soo (Mary Magdalene), Raúl Esparza (Pontius Pilate), Zachary James (Caiaphas), Brian Justin Crum (Annas), Milo Manheim (Peter), Tyrone Huntley (Simon Zealotes), John Stamos (e/c King Herod), John E. Lucas (Priest/Ensemble), Brad Sharp (Priest/Apostle/Ensemble), LJ Benet (Apostle/Ensemble), Ian Ward (Apostle/Ensemble), Oyoyo Joi (Apostle/Soul Singer/Ensemble), Krystle Rose Simmons (Apostle/Soul Singer/Ensemble), Emily Goglia (Maid By The Fire/Ensemble), Summer Greer (Soul Singer/Ensemble), Sara Gomez (Pit Singer), Ayana Haviv (Pit Singer), Gracie Laboy (Pit Singer), Mariah Meshae (Pit Singer), Natalie Babbitt Taylor (Pit Singer), Suzanne Waters (Pit Singer), Isaiah Bailey (Ensemble), Damian Caraballo (Ensemble), Cooper Clack (Ensemble), Jennifer Florentino (Ensemble), Christopher Hernandez (Ensemble), Juliet Johnson (Ensemble), John Krause (Ensemble), Brandon Leffler (Ensemble), Nathan Madden (Ensemble), Morgan Marcell (Ensemble), L.T. Martinez (Ensemble), Clinton Roane (Ensemble), Joey Taranto (Ensemble)","Great capture of this insane production! Shot in a great mix of wides, mediums, and close-ups; the screens are never filmed, it’s always the actual stage. Two standing ovations, one after Gethsemane lasting 2 minutes and one after Superstar lasting a minute. Increased wandering, shaking, and re-adjusting throughout. Includes bows and appearance from ALW. External audio is patched in from Steponmeshoeman. This performance was also filmed by QuoxWoodTrees and Ostarion. Overall a great capture of this wonderful cast!",,2026-01-05,,,Gift at your Discretion,Unrestricted,Bootleg,4K MP4 (7.24 GB),,,Full Show,Hollywood Bowl,"Los Angeles, CA",2026-07-26,https://encora.it/recordings/2018306/,7.24 GB,MP4
Video,John Proctor is the Villain,Off-West End,"April, 2026",Unknown,AndrewLloydWebbersiPad,"Sadie Soverall (Shelby Holcomb), Dónal Finn (Carter Smith), Clare Hughes (Ivy Watkins), Miya James (Raelynn Nix), Lauryn Ajufo (Nell Shaw), Holly Howden Gilchrist (Beth Powell), Molly McFadden (Bailey Gallagher), Reece Braddock (Mason Adams), Charlie Borg (Lee Turner)","21 year old ALW could have learned so much from this amazing but devastating play.

Occasionally partially obstructed but imo, watchable, please ensure to check official trigger warnings.",,2027-01-09,,NFS,Gift at your Discretion,Unrestricted,Bootleg,,,,Full Show,Royal Court Theatre,"London, United Kingdom",2026-08-01,https://encora.it/recordings/2035535/,4.25 GB,MP4
Video,John Proctor is the Villain,Broadway,"April, 2025",Unknown,MTTZ,"Sadie Sink (Shelby Holcomb), Gabriel Ebert (Carter Smith), Maggie Kuntz (Ivy Watkins), Amalia Yoo (Raelynn Nix), Morgan Scott (Nell Shaw), Fina Strazza (Beth Powell), Molly Griggs (Bailey Gallagher), Nihar Duvvuri (Mason Adams), Hagan Oliveras (Lee Turner)","Excellent capture of this incredible new play! Shot in a great mix of wides, mediums, and close-ups; more wides than usual due to the staging and lighting of the play. Audio is patched in from an external source. A few brief dropouts. Some increased wandering, shaking, and re-adjusting throughout. Overall an excellent capture of this amazing new play. ",,2025-11-05,,,Gift at your Discretion,Unrestricted,Bootleg,,,,Full Show,Booth Theatre,"New York, NY",2026-07-31,https://encora.it/recordings/2013310/,7.79 GB,MP4
Video,& Juliet,Pre-Broadway / Toronto,"June, 2022",Evening,The Musical Speakeasy,"Lorna Courtney (Juliet), Betsy Wolfe (Anne Hathaway), Stark Sands (William Shakespeare), Ben Jackson Walker (Romeo), Philippe Arroyo (Francois), Justin David Sullivan (May), Melanie La Barrie (Nurse ""Angelique""), Paulo Szot (Lance), Veronica Otim (Lady Capulet/Nell), Nicholas Edwards (Lord Capulet/Sly), Tiernan Tunnicliffe (Benvolio/Eleanor), Virgil Gadson (Augustine), Matt Raffy (Gregory), Joe Moeller (Henry), Jasmine Rafael (Imogen), Rachel Webb (Judith), Joomin Hwang (Kempe), Katy Geraghty (Lucy), Brandon Antonio (Richard), Bobby ""Pocket"" Horner (Rumour)","Technical Notes: Camcorder video captured in 4K. No obstructions, no washout, no dropouts, and extremely steady throughout. Very good audio, does occasionally pick up chatter from the audience around me. Shot from stage right balcony. [A+]<br>
Performance Notes: The first ever performance of & Juliet in North America - and what an event & Juliet is! The Broadway-bound mounting features more pop tunes, pyrotechnics, and yas girls than any musical I've seen before. A relentlessly entertaining night at the theatre, the show has a sleek and captivating staging with an extremely strong ensemble of actors. Lorna Courtney and Ben Jackson Walker are easily stars in the making, Melanie la Barrie proves to be an extremely wise transferring decision, and Paulo Szot's performance is perfect to a degree beyond human expression. I genuinely cannot believe how much I enjoyed it. From this performance, one is easily able to tell that New York audiences are going to adore this show.",,2024-11-01,,,Gift at your Discretion,Unrestricted,Bootleg,M4V (4K),19.37 gb,,Full Show,Princess of Wales Theatre,"Toronto, ON",2026-07-21,https://encora.it/recordings/2002676/,19.4 GB,M4V (4K)
Video,& Juliet,West End,"September, 2021",Unknown,sandrabanana,"Miriam-Teak Lee (Juliet), Cassidy Janson (Anne Hathaway), Oliver Tompsett (William Shakespeare), Jordan Luke Gage (Romeo), Tim Mahendran (Francois), Alex Thomas-Smith (May), Melanie La Barrie (Nurse ""Angelique""), David Bedella (Lance), Jocasta Almgill (Lady Capulet/Nell), Ivan de Freitas (Lord Capulet/Sly), Kirstie Skivington (Benvolio/Eleanor), Antoine Murray-Straughan (Augustine), Nathan Lorainey-Dineen (Gregory), Sophie Usher (s/w Gwynne), Alex Tranter (Henry), Rhian Duncan (Imogen), Kieran Lai (Kempe), Roshani Abbey (Lucy), Rhys Wilkinson (Richard), Kerri Norville (Susanna)",,video begins as shakespeare enters in larger than life. really nice video if I do say so myself. captures the new cast members in their first week of performances and mays added line in I kissed a girl. :),2022-01-01,,,Gift at your Discretion,Unrestricted,Bootleg,,MP4 [ 5.80 GB ],,Full Show,Shaftesbury Theatre,"London, United Kingdom",2026-08-04,https://encora.it/recordings/1115653/,5.80 GB,MP4
Video,& Juliet,Broadway,"November, 2022 (3)",Unknown,StarCuffedJeans,"Lorna Courtney (Juliet), Betsy Wolfe (Anne Hathaway), Stark Sands (William Shakespeare), Ben Jackson Walker (Romeo), Philippe Arroyo (Francois), Justin David Sullivan (May), Melanie La Barrie (Nurse ""Angelique""), Paulo Szot (Lance), Veronica Otim (Lady Capulet/Nell), Nicholas Edwards (Lord Capulet/Sly), Tiernan Tunnicliffe (Benvolio/Eleanor), Virgil Gadson (Augustine), Matt Raffy (Gregory), Alaina Vi Maderal (s/w Gwynne), Joe Moeller (Henry), Rachel Webb (Judith), Joomin Hwang (Kempe), Megan Kane (Lucy), Brandon Antonio (Richard), Bobby ""Pocket"" Horner (Rumour)",,,2023-07-01,,,Gift at your Discretion,Unrestricted,Bootleg,MP4 (HD) - 5.87 GB,,,Full Show,Stephen Sondheim Theatre,"New York, NY",2026-07-19,https://encora.it/recordings/1136537/,5.87 GB,MP4
Video,& Juliet,West End,"January, 2022 (3)",Unknown,Lasagna,"Miriam-Teak Lee (Juliet), Jocasta Almgill (u/s Anne Hathaway), Alex Tranter (u/s William Shakespeare), Jordan Luke Gage (Romeo), Tim Mahendran (Francois), Alex Thomas-Smith (May), Melanie La Barrie (Nurse ""Angelique""), Ivan de Freitas (u/s Lance), Roshani Abbey (u/s Lady Capulet/Lucy), Billy Nevers (s/w Lord Capulet/s/w Cuthbert), Abiola Efunshile (s/w Benvolio/s/w Viola), Nathan Lorainey-Dineen (Gregory), Sophie Usher (s/w Gwynne), Rhian Duncan (Imogen), Grace Mouat (Judith), Kieran Lai (Kempe), Rhys Wilkinson (Richard), Kerri Norville (Susanna), Josh Baker (s/w Thomas)",,Good capture of Jocasta's full-show debut as Anne! Very Jocasta-centric (I may have gotten a little over-excited about her debut) but all the action is captured well. A few very brief dropouts towards the start due to usher activity.,2023-12-29,,,Gift at your Discretion,Unrestricted,Bootleg,MP4 (HD),MP4 [ 4.84 GB ],,Full Show,Shaftesbury Theatre,"London, United Kingdom",2026-08-16,https://encora.it/recordings/1124862/,4.84 GB,MP4
Video,& Juliet,West End,"November, 2019",Unknown,hitmewithyourbethshot,"Miriam-Teak Lee (Juliet), Cassidy Janson (Anne Hathaway), Oliver Tompsett (William Shakespeare), Jordan Luke Gage (Romeo), Tim Mahendran (Francois), Arun Blair-Mangat (May), Melanie La Barrie (Nurse ""Angelique""), David Bedella (Lance), Jocasta Almgill (Lady Capulet/Nell), Ivan de Freitas (Lord Capulet/Sly), Kirstie Skivington (Benvolio/Eleanor), Antoine Murray-Straughan (Augustine), Nathan Lorainey-Dineen (Gregory), Sophie Usher (s/w Gwynne), Alex Tranter (Henry), Rhian Duncan (Imogen), Kieran Lai (Kempe), Danielle Fiamanya (Lucy), Dillon Scott-Lewis (Richard), Kerri Norville (Susanna)",,,2020-04-14,,,Gift at your Discretion,Unrestricted,Bootleg,,,,Full Show,Shaftesbury Theatre,"London, United Kingdom",2026-08-04,https://encora.it/recordings/23272/,N/A,N/A
Video,Just In Time,Broadway,"May, 2026",Unknown,MTTZ,"Jeremy Jordan (Bobby Darin), Isa Briones (Connie Francis), Carrie St. Louis (Sandra Dee), Debbie Shapiro Gravitte (Polly Walden), Tari Kelly (u/s Nina Cassotto/u/s Mary Douvan), Joe Barbara (Charlie Maffia/Steve Blauner), Caesar Samayoa (Don Kirshner/Giorgio/Angelo), Lance Roberts (Murray the K/Ahmet Ertegun), Claire Camp (Siren), Julia Grondin (Siren), Jessica Mallare White (Siren)","Excellent capture of this stacked cast! Shot in a great mix of wides, mediums, and close-ups. Some increased wandering, shaking, and re-adjusting throughout. Some spotlight washout on wider shots due to a camera setting mishap, but I avoid it well. Audio is patched in from an external source; some scraping and rustling might be heard during readjustment periods. Overall an excellent capture. Includes the Curtain Call Medley.",,2026-11-05,,,Never Gift,Unrestricted,Bootleg,MP4 (4K),,,Full Show,Circle In The Square Theatre,"New York, NY",2026-07-30,https://encora.it/recordings/2034052/,9.31 GB,MP4 (4K)
Video,Lazarus,London,2016,Unknown,,"Michael C. Hall (Newton), Michael Esper (Valentine), Sophia Anne Caruso (The Girl), Amy Lennox (Elly), Jamie Muscato (Ben), Tom Parsons (Michael), Julie Yammanee (Maemi), Richard Hansell (Zach), Maimuna Memon (Teenage Girl 1), Gabrielle Brooks (Teenage Girl 2), Sydnie Christmas (Teenage Girl 3)",,"Pro-Shot filmed live in London in 2016. Streamed from January 8-10, 2021 in honor of David Bowie's birthday.",,,,Gift at your Discretion,Unrestricted,Pro-Shot,,,,Full Show,King's Cross Theatre,"London, United Kingdom",2026-07-20,https://encora.it/recordings/1006471/,4.12 GB,MP4
Video,Legally Blonde,Broadway,"July 1, 2007",Evening,SunsetBlvd79,"Laura Bell Bundy (Elle Woods), Christian Borle (Emmett Forrest), Richard H. Blake (Warner Huntington III), Orfeh (Paulette), Kate Shindle (Vivienne Kensington), Nikki Snelson (Brooke Wyndham/Shandi), Michael Rupert (Professor Callahan), Annaleigh Ashford (Margot), Leslie Rodriguez Kritzer (Serena), DeQuina Moore (Pilar), Andy Karl (Kyle/Dewey/Grandmaster Chad), Natalie Joy Johnson (Enid/Veronica), Kate Wetherhead (Kate/Chutney), Kevin Pariseau (Dad/Winthrop/Reporter), Gaelen Gilliland (Mom/Courtney/Whitney), Rod Harrelson (s/w Aaron), Manuel Herrera (Padamadan/Nikos), Amber Efé (Judge/Store Manager), Beth Curry (Gabby/Stenographer), Matthew Risch (Carlos/Lowell), Becky Gulsvig (Leilani), April Berry (Kristine), Tracy Jai Edwards (s/w Cece/s/w D.A. Joyce Riley), Jason Gillman (Pforzheimer)",,DeQuina Moore's last performance,,,,Gift at your Discretion,Unrestricted,Bootleg,VOB (with smalls) (SD),,,Full Show,Palace Theatre,"New York, NY",2026-07-17,https://encora.it/recordings/6303/,4.12 GB,VOB (with smalls) (SD)
Video,The Lightning Thief: The Percy Jackson Musical,Broadway,"October, 2019",Unknown,StarCuffedJeans,"Chris McCarrell (Percy Jackson), Kristin Stokes (Annabeth Chase), Jorrel Javier (Grover/Mr. D), James Hayden Rodriguez (Luke), Jalynn Steele (Sally Jackson), Sarah Beth Pfeifer (Clarisse), Ryan Knowles (Chiron)",,"Fantastic HD capture of the Broadway transfer of this show, filmed from the orchestra. The video starts part of the way through the first number. Act Two starts after the bus explodes. Please do not post screenshots of this video on Twitter ever. Gifs on Tumblr are okay after the NFT date, but don't go linking things to actors and shows.",2020-07-15,,,Gift at your Discretion,Unrestricted,Bootleg,MP4 (HD),MP4 (HD) [5.1 GB],,Full Show,Longacre Theatre,"New York, NY",2026-08-08,https://encora.it/recordings/26680/,5.1 GB,MP4
Video,Little Shop of Horrors,Off-Broadway Revival,"March, 2025",Unknown,MTTZ,"Milo Manheim (Seymour), Elizabeth Gillies (Audrey), Jeremy Kushnier (Orin/Others), Reg Rogers (Mr. Mushnik), Morgan Ashley Bryant (Chiffon), Daria Pilar Redus (Crystal), Hailey Thomas (Ronnette), Major Attaway (Voice of Audrey II), Johnny Newcomb (s/w Ensemble), Christine Wanda (s/w Ensemble)","Solid capture of the new cast of this stunning production! Shot in a great mix of wides, mediums, and close-ups; more wide than usual due to the nature of the staging. Some increased wandering, shaking, and re-adjusting throughout. Audio is patched in from an external source. Two major dropouts due to usher activity; 7 minutes total before/during/after “Feed Me” and the last minute of the show are audio only due to usher activity. Obstruction on the left side and across the bottom that only occasionally blocks action. Overall a solid capture that’s only marred by some obstruction and dropouts.",,2025-10-05,,,Never Gift,Unrestricted,Bootleg,MP4 (4K) - 7.41 GB,,,Full Show,Westside Theatre - Upstairs,"New York, NY",2026-07-29,https://encora.it/recordings/2012258/,7.41 GB,MP4 (4K)
Video,Little Shop of Horrors,Off-Broadway Revival,"January, 2022 (1)",Unknown,StarCuffedJeans,"Jeremy Jordan (Seymour), Tammy Blanchard (Audrey), Christian Borle (Orin/Others), Tom Alan Robbins (Mr. Mushnik), Joy Woods (Chiffon), Aveena Sawyer (Crystal), Salome Smith (Ronnette), Aaron Arnell Harrington (Voice of Audrey II), Weston Chandler Long (u/s Audrey II Manipulation/u/s Derelict), Paul McGinnis (Audrey II Manipulation), Josh Daniel (Audrey II Manipulation)",,Jeremy's last show!,2023-02-01,,,Gift at your Discretion,Unrestricted,Bootleg,MP4 (HD) - 4.81 GB,,,Full Show,Westside Theatre - Upstairs,"New York, NY",2026-07-29,https://encora.it/recordings/1129574/,4.81 GB,MP4 (HD)
Video,The Lost Boys,Broadway,"April 11, 2026",Matinee,angelofmusicishere,"LJ Benet (Michael Emerson), Shoshana Bean (Lucy Emerson), Benjamin Pajak (Sam Emerson), Ali Louis Bourzgui (David), Maria Wirries (Star), Brian Flores (Marko), Sean Grandillo (Dwayne), Dean Maupin (Paul), Jennifer Duka (Alan Frog), Miguel Gil (Edgar Frog)","Great capture of the show in its previews. Shot from right mezzanine. 
P.S. The ending of the character Star has been changed from what people saw from first preview. ",,2027-04-11,,,Gift at your Discretion,Unrestricted,Bootleg,,,,Full Show,Palace Theatre,"New York, NY",2026-08-05,https://encora.it/recordings/2031651/,10.73 GB,MP4
Video,The Lost Boys,Broadway,"July 2, 2026",Evening,onehandonmycamera,"LJ Benet (Michael Emerson), Shoshana Bean (Lucy Emerson), Benjamin Pajak (Sam Emerson), Pierre Marais (u/s David), Maria Wirries (Star), Paul Alexander Nolan (Max), Brian Flores (Marko), Sean Grandillo (Dwayne), Dean Maupin (Paul), Jennifer Duka (Alan Frog), Miguel Gil (Edgar Frog), Ryan Behan (Ensemble), Ben Crawford (Ensemble), Dominic Dorset (Ensemble), Carissa Gaughran (Ensemble), Ashley Jenkins (Ensemble), Cameron Loyal (Ensemble), Mateus Leite Cardoso (s/w Ensemble), Colin Trudell (Ensemble), DeLaney Westfall (Ensemble), Pierce Wheeler (Ensemble)",,,2027-01-01,,,Gift at your Discretion,Unrestricted,Bootleg,,,,Full Show,Palace Theatre,"New York, NY",2026-07-24,https://encora.it/recordings/2036138/,10 GB,MP4
Video,The Lost Boys,Broadway,"April 26, 2026",Evening,onehandonmycamera,"LJ Benet (Michael Emerson), Shoshana Bean (Lucy Emerson), Benjamin Pajak (Sam Emerson), Ali Louis Bourzgui (David), Maria Wirries (Star), Paul Alexander Nolan (Max), Brian Flores (Marko), Sean Grandillo (Dwayne), Dean Maupin (Paul), Jennifer Duka (Alan Frog), Miguel Gil (Edgar Frog)","Opening night performance! A mix of close ups and wide shots, but probably more closeups than wide. Some obstruction at the bottom and/or sides of the screen, particularly in act 1. Occasional shakiness, particularly in act 2. This was an incredible performance and the energy of the audience was insane.",,2026-11-01,,,Never Gift,Unrestricted,Bootleg,,,,Full Show,Palace Theatre,"New York, NY",2026-07-24,https://encora.it/recordings/2032724/,11.7 GB,MP4
Video,Matilda the Musical,West End,"August, 2025",Unknown,MTTZ,"Alexis Whitehead (Matilda), Kieran Hill (Miss Trunchbull), Eve Norris (Miss Honey), Tiffany Graves (Mrs. Wormwood), Ralph Watts (u/s Mr. Wormwood), Pearce Barron (Michael Wormwood), Gabrielle Davina Smith (Mrs. Phelps), William Elijah-Lewis (Rudolpho), Adam Hussain (Bruce), Khit Thakhin (Lavender), Kobe Champion-Norville (Nigel), Isabella Rummery (Amanda), Harry Relf (Eric), Isabelle McLatchie (Alice), Ashley Taylor (Hortensia), Reuben Laming (Tommy), Issy Khogali (Acrobat), Ronan Burns (u/s Escapologist/u/s Doctor), Jak Skelly (Entertainer), Esme Bacalla-Hayes (s/w Cook), Alex Louize Bird (Henchman | Henchwoman), Karina Hind (Henchman | Henchwoman), Sam Jeffery Parkes (Henchman | Henchwoman), Dawn Williams (Henchman | Henchwoman)","Decent capture of this spectacular production! Shot in a great mix of wides, mediums, and close-ups. Some wandering, shaking, and re-adjusting throughout. Shot above and around very annoying (often moving) heads that are worked around as best as possible, but do obstruct action at times -- I try not to let this affect the video too much but it is annoying. Audio is patched in from an external source, many disruptive audience noises can be heard -- this is the epitome of a kid's show audience. Video for act 2 starts a bit into Lavender's monologue, Telly is audio-only. Overall a decent capture.",,2026-03-05,,,Gift at your Discretion,Unrestricted,Bootleg,MP4 - 9.4GB,,,Full Show,Cambridge Theatre,"London, United Kingdom",2026-08-08,https://encora.it/recordings/2021347/,7.24 GB,MP4
Video,Maybe Happy Ending,Broadway,"November 20, 2024",Matinee,bikinibottomday,"Darren Criss (Oliver), Helen J. Shen (Claire), Dez Duron (Gil Brentley), Marcus Choi (James)","Excellent 4K capture of this show post-opening! Some wandering / readjustment and unfocusing throughout. Includes curtain call and the post-show BC/EFA speech, audio is fed from external source.",,2025-07-17,,,Never Gift,Unrestricted,Bootleg,4K MP4 7.82 GB,,,Full Show,Belasco Theatre,"New York, NY",2026-07-26,https://encora.it/recordings/2009535/,7.81 GB,MP4 (4K)
Audio,Mean Girls,Broadway,"March 10, 2020",Evening,WhatTradingCanDo,"Sabrina Carpenter (Cady Heron), Reneé Rapp (Regina George), Krystina Alabado (Gretchen Wieners), Laura Leigh Turner (Karen Smith), Olivia Kaufmann (Janis Sarkisian), Chad Burris (Damian Hubbard), Kyle Selig (Aaron Samuels), Cheech Manohar (Kevin Gnapoor), Catherine Brunell (Mrs. Heron/Ms. Norbury/Mrs. George), Rick Younger (Principal Duvall), Drew Redington (Ensemble), Teddy Toye (Ensemble), Stephanie Lynn Bissonnette (Ensemble), Collins Conley (Ensemble), Tovi Wayne (s/w Ensemble), Darius Barnes (Ensemble), Pascal Pastrana (Ensemble), Riza Takahashi (Ensemble), Devon Hadsell (Ensemble), Curtis Holland (Ensemble), Daryl Tofa (Ensemble), Becca Petersen (Ensemble), Sasha Hollinger (Ensemble), Bria Jené Williams (Ensemble), Lily Kaufmann (Ensemble)",,"First performances of the Mean Girls 2.0 Broadway cast. Debut performances for Sabrina Carpenter, Laura Leigh Turner, Oliva Kaufmann, and Chad Burris. As far as I know, this is the ONLY audio of the 2.0 cast in existence. Recorded by a non-trader friend from the first row, and I was given permission to release it as my master. This audio is to always be gifted.",,,,Gift at your Discretion,Unrestricted,Bootleg,MP3 (untracked) - 117 MB,,,Full Show,August Wilson Theatre,"New York, NY",2026-07-19,https://encora.it/recordings/1121394/,117 MB,MP3
Video,Mean Girls,Broadway,"April 24, 2018",Evening,NYCG8R,"Erika Henningsen (Cady Heron), Taylor Louderman (Regina George), Ashley Park (Gretchen Wieners), Kate Rockwell (Karen Smith), Barrett Wilbert Weed (Janis Sarkisian), Grey Henson (Damian Hubbard), Kyle Selig (Aaron Samuels), Cheech Manohar (Kevin Gnapoor), Kerry Butler (Mrs. Heron/Ms. Norbury/Mrs. George), Rick Younger (Principal Duvall), Brendon Stimson (Ensemble), Myles McHale (Ensemble), Stephanie Lynn Bissonnette (Ensemble), Collins Conley (Ensemble), Ben Cook (Ensemble), DeMarius R. Copes (Ensemble), Kevin Csolak (Ensemble), Riza Takahashi (Ensemble), Devon Hadsell (Ensemble), Curtis Holland (Ensemble), Nikhil Saboo (Ensemble), Jonalyn Saxer (Ensemble), Kamille Upshaw (Ensemble), Zurin Villanueva (Ensemble), Gianna Yanelli (Ensemble)",,"Beautiful quality video! A blackout in the very beginning of Act 1, but other than that amazing quality! The show does the movie justice and is just as dark and funny as the movie.
Released in two formats: MOV (10.1 GB) and VOB+smalls (4.22 GB).",2018-08-31,,,Gift at your Discretion,Unrestricted,Bootleg,MOV (HD) - 10.1 GB or VOB (with smalls) (SD) - 4.22 GB,,,Full Show,August Wilson Theatre,"New York, NY",2026-07-26,https://encora.it/recordings/351/,10.1GB,.MP4
Video,Merrily We Roll Along,First Broadway Revival,"November 22, 2023",Matinee,bikinibottomday,"Jonathan Groff (Franklin Shepard), Daniel Radcliffe (Charley Kringas), Sherz Aletaha (u/s Mary Flynn), Krystal Joy Brown (Gussie Carnegie), Katie Rose Clarke (Beth Spencer), Reg Rogers (Joe Josephson), Max Rackenberg (Frank Jr.), Talia Simone Robinson (Meg Kincaid), Natalie Wachen (K.T.), Vishal Vaidya (Jerome), Corey Mach (Tyler), Amanda Rose (s/w Mrs. Spencer/s/w Scotty/s/w Auditionee), Jacob Keith Watson (Terry/Mr. Spencer), Leana Rae Concepcion (Claudia/Newscaster/Auditionee), Brian Sears (Bunker/Photographer/Newscaster), Jamila Sabares-Klemm (Evelyn/Dory/Pianist), Christian Strange (Ru/Reverend), Maya Boyd (Mimi from Paramount/Make-Up Artist), Evan Alexander Smith (Greg from Paramount)",,"Excellent 4K capture of Sherz’s debut as Mary! Some wandering and unfocusing throughout. Some washout on the wider shots. Includes overture, curtain call, and the post-show BC/EFA speech, audio is fed from external source.",2024-05-17,,,Never Gift,Unrestricted,Bootleg,4K MP4 (11.0 GB),,,Full Show,Hudson Theatre,"New York, NY",2026-07-28,https://encora.it/recordings/1151338/,11.0 GB,4K MP4
Video,Les Misérables,Second Broadway Revival,"March 8, 2014",Evening,SunsetBlvd79,"Ramin Karimloo (Jean Valjean), Will Swenson (Javert), Caissie Levy (Fantine), Samantha Hill (Cosette), Andy Mientus (Marius), Nikki M. James (Éponine), Cliff Saunders (Thénardier), Kyle Scatliffe (Enjolras), Keala Settle (Madame Thénardier), Joshua Colley (Gavroche), Jason Forbach (Feuilly)","Audience was full of excitement! The last 20 seconds are missing from the very end, due to battery issues. ","Multiple versions circulating; the correct one, 8.20 GB, should include a Disc 2 title screen and two chapter menus, with the end of Act 1 on VTS_01_1.VOB and Act 2 starting on VTS_02_1.VOB.
A lower quality MP4/MOV rip (1.8 GB) circulates as May 6, 2014.",,,,Gift at your Discretion,Unrestricted,Bootleg,"VOB with smalls, 8.20 GB",VOBs [ 8.12 GB ],,Full Show,Imperial Theatre,"New York, NY",2026-08-08,https://encora.it/recordings/470/,8.12 GB,VOB
Video,Les Misérables,Sixth US National Tour,"October, 2025",Unknown,MTTZ,"Nick Cartell (Jean Valjean), Nick Rehberger (Javert), Lindsay Heather Pearce (Fantine), Alexa Lopez (Cosette), Peter Neureuther (Marius), Jaedynn Latter (Éponine), Kyle Adams (u/s Thénardier), Christian Mark Gibbs (Enjolras), Victoria Huston-Elem (Madame Thénardier), Jack Jewkes (Gavroche), Kayla Scola-Giampapa (Little Cosette), Jonathan Young (u/s Grantaire/u/s Constable), Daniel Gerard Bittner (Feuilly/Laborer), Danny Martin (Courfeyrac), Colin Anderson (Combeferre/Champmathieu), Christian Engelhardt (Joly/Fauchelevent), Steve Czarnecki (Factory Foreman/Brujon), David Andino (Bamatabois/Babet), Thomas Beeker (Montparnasse/Constable), David Thomas Walker (Claquesous/Innkeeper), Lillian Castner (Young Éponine), Paige McNamara (Factory Girl), Randy Jeter (The Bishop of Digne/Loud Hailer), Ashley Alexandra (Old Woman), Kenneth Quinney Francoeur (s/w Major Domo), Juliette Redden (Wigmaker), Gracie Annabelle Parker (Innkeeper's Wife), Zeya Grace Swecker (Ensemble), Kaitlyn Sumner (Ensemble), Gillian Hassert (Ensemble), Nicole Fragala (Ensemble), Eden Mau (Ensemble)","Solid capture of this thrilling tour with new cast members joining! Shot in a great mix of wides, mediums, and close-ups. Multiple dropouts in both acts, more in act 1, totaling around 10 minutes total due to a ridiculous amount of latecomers and usher activity. Increased wandering, shaking, unfocusing, and re-adjusting throughout. Audio is patched in from an external source. Overall a solid capture, though generally messier than usual for me. ",,2026-04-05,,,Gift at your Discretion,Unrestricted,Bootleg,,,,Full Show,,,2026-08-08,https://encora.it/recordings/2022979/,N/A,N/A
Video,MJ The Musical,Broadway,"June 11, 2024",Evening,bikinibottomday,"Elijah Rhea Johnson (MJ), Apollo Levine (Joseph Jackson/Rob), Whitney Bashor (Rachel), Gabriel Ruiz (Alejandro), Max Chambers (Little Michael), Jace Bently (Little Marlon), Ilario Grant (u/s Michael), Bre Jackson (u/s Katherine Jackson/u/s Kate), Antoine L. Smith (Nick/Berry Gordy/Don Cornelius/Doctor), Joey Sorge (Dave), Tre Frazier (u/s Tito Jackson/u/s Quincy Jones/u/s Jackie Wilson [Vocal]/u/s Tour Singer), John Edwards (Jackie Jackson/James Brown [Vocal]/Tour Singer), Nick T. Daly (Jermaine Jackson/Keith/Isley Brother [Vocal]), Lloyd A. Boyd III (Randy Jackson/Jackie Wilson [Dancer]/Tour Dancer), Zachary Downer (Marlon Jackson/Nicholas Brother/James Brown [Dancer]/Tour Dancer), Michael Harmon (s/w Newscaster/s/w Bob Fosse/s/w Tour Dancer), Michelle Mercedes (Nicholas Brother/Isley Brother [Dancer]/Tour Dancer), Carina-Kay Louchiey (Suzanne De Passe/Isley Brother [Dancer]/Tour Dancer), D. Jerome (s/w Fred Astaire/s/w Tour Dancer), Kali May Grinder (Soul Train Dancer/Tour Dancer)","Excellent 4K capture of this show. Some minor head obstruction on the right that cuts off a little action. Increased wandering / readjustment and unfocusing throughout. Includes curtain call, audio is fed from external source.",,2025-03-02,,,Never Gift,Unrestricted,Bootleg,MP4 (4K) - 10.05 GB,,,Full Show,Neil Simon Theatre,"New York, NY",2026-08-01,https://encora.it/recordings/2004071/,10.05 GB,MP4 (4K)
Video,MJ The Musical,First US National Tour,"August, 2023",Evening,allisforgiven,"Jamaal Fields-Green (alt MJ), Devin Bowles (Joseph Jackson/Rob), Mary Kate Moore (Rachel), Da'Von T. Moody (Alejandro), Josiah Benson (Little Michael), Jaylen Lyndon Hunter (Little Marlon), Brandon Lee Harris (Michael/Isley Brother [Dancer]/Tour Singer), Anastasia Talley (Katherine Jackson/Kate), J. Daughtry (Nick/Berry Gordy/Don Cornelius/Doctor), Matt Loehr (Dave), Josh A. Dawson (Tito Jackson/Quincy Jones), Jay McKenzie (Jackie Jackson/James Brown [Vocal]/Tour Singer), Charles P. Way (s/w Jermaine Jackson/s/w Keith/s/w Isley Brother [Vocal]), Malcolm Miles Young (Randy Jackson/Jackie Wilson [Dancer]/Tour Dancer), Brion Marquis Watson (Marlon Jackson/Nicholas Brother/James Brown [Dancer]/Tour Dancer), Croix DiIenno (Newscaster/Bob Fosse/Tour Dancer), Chelsea Mitchell-Bonsu (Nicholas Brother/Isley Brother [Dancer]/Tour Dancer), Janayé McAlpine (Suzanne De Passe/Isley Brother [Dancer]/Tour Dancer), Matteo Marretta (Fred Astaire/Tour Dancer), Kellie Drobnick (Soul Train Dancer/Tour Dancer)",,"Great stage capture from the side of the dress circle. Jamaal is an absolutely amazing MJ. The cast was on point for this performance despite lots of phones going off in the audience throughout (including one next to me in Act One). While the back right corner of the stage cannot be seen, none of the action is missed as it's mostly just the band in that corner. The beginning of the second act is a bit shaky due to intense usher activity. Unfortunately, ends before the curtain call.",2024-03-19,,,Never Gift,Unrestricted,Bootleg,,MP4 [ 10.13 GB ],,Full Show,James M. Nederlander Theatre,"Chicago, IL",2026-08-11,https://encora.it/recordings/1148800/,10.13 GB,MP4
Video,Moulin Rouge! The Musical,West End,"November, 2022 (2)",Unknown,Lasagna,"Melissa James (Satine), Jamie Muscato (Christian), Matt Rixon (Harold Zidler), Ben Richards (The Duke of Monroth), Ian Carlyle (Toulouse-Lautrec), Elia Lo Tauro (Santiago), Amy Thornton (Nini), Elliotte Williams N'Dure (La Chocolat), Rochelle Sherona (t/r Arabia), Tiago Dhondt Bamberger (Baby Doll)",,Wonderful capture of the new cast! Blindshot for the first song of Act 2 but still captures all the action.,2023-12-29,,,Gift at your Discretion,Unrestricted,Bootleg,MP4 (4K),,,Full Show,Piccadilly Theatre,"London, United Kingdom",2026-07-26,https://encora.it/recordings/1136271/,N/A,MP4
Video,Moulin Rouge! The Musical,West End,"January, 2023",Unknown,Lasagna,"Vanessa Ela Young (alt Satine), Jamie Muscato (Christian), Craig Ryder (u/s Harold Zidler), Ben Richards (The Duke of Monroth), Ian Carlyle (Toulouse-Lautrec), Elia Lo Tauro (Santiago), Amy Thornton (Nini), Elliotte Williams N'Dure (La Chocolat), Melissa Nettleford (u/s Arabia), Tiago Dhondt Bamberger (Baby Doll)",,Great capture of Vanessa as Satine! Shot around heads but all the action is captured well.,2023-12-29,,,Gift at your Discretion,Unrestricted,Bootleg,MP4 (4K),MP4 (4K) [ 9.17 GB ],,Full Show,Piccadilly Theatre,"London, United Kingdom",2026-08-08,https://encora.it/recordings/1137401/,9.17 GB,MP4
Video,Moulin Rouge! The Musical,Broadway,"October, 2024 (2)",Unknown,The Riddle,"Solea Pfeiffer (Satine), John Cardoza (Christian), Frank Viveros (u/s Harold Zidler), David Harris (The Duke of Monroth), Andre Ward (Toulouse-Lautrec), Pepe Muñoz (Santiago), Sophie Carmen-Jones (Nini), Jacqueline B. Arnold (La Chocolat), Nicci Claspell (Arabia), Jeigh Madjus (Baby Doll), Nick Martinez (Pierre), Cameron Burke (s/w Ensemble), Olivia Cece (s/w Ensemble), Aaron C. Finley (Ensemble), Bahiyah Hibah (Ensemble), Kamal Lado (Ensemble), Heather Makalani (Ensemble), Dylan Paul (s/w Ensemble), Brandon Stonestreet (s/w Ensemble), Brooke Taylor (Ensemble), Alec Varcas (Ensemble), Cole Wachman (Ensemble), Shaun-Avery Williams (Ensemble), Jordan Wynn (Ensemble), Jenn Stafford Yip (Ensemble)","Excellent 4k capture of John and Solea’s first show together.  Shot with a mix of mediums, wides, and close-ups.  Some minor washout and readjusting throughout.  Filming is messy during “Welcome to the Moulin Rouge” and the Encore/Bows due to usher activity.  John and Solea give stunning performances for their debut!",,2025-05-01,,,Never Gift,Unrestricted,Bootleg,,,,Full Show,Al Hirschfeld Theatre,"New York, NY",2026-08-02,https://encora.it/recordings/2005481/,10.8 GB,MP4
Video,Moulin Rouge! The Musical,Broadway,"June 21, 2023",Matinee,bikinibottomday,"Joanna ""JoJo"" Levesque (Satine), Derek Klena (Christian), Eric Anderson (Harold Zidler), David Harris (The Duke of Monroth), Andre Ward (Toulouse-Lautrec), Ricky Rojas (Santiago), Sophie Carmen-Jones (Nini), E.J. Hamilton (u/s La Chocolat), Tasia Jungbauer (Arabia), David Merino (Baby Doll), Nick Martinez (Pierre), Cole Wachman (Ensemble), Alec Varcas (Ensemble), Clay Rice-Thomson (Ensemble), Kelsey Orem (s/w Ensemble), Kaitlin Mesh (Ensemble), Kara Menendez (s/w Ensemble), Heather Makalani (Ensemble), Aaron C. Finley (Ensemble), Taurean Everett (Ensemble), Alexander Gil Cruz (Ensemble), Raúl Contreras (s/w Ensemble), Patrick Clanton (Ensemble), Lauren Celentano (s/w Ensemble), Sarah Bowden (Ensemble)",,"Great 4K capture of Jojo and Derek! Action on the far left and on the walkway is obstructed. A railing is also visible and occasionally blocks off action (mostly on the catwalk) but is usually unintrusive. There are multiple short blackouts in the first 30 minutes (and one right before Elephant Love Medley), lasting about 2 minutes total. Some wandering and unfocusing throughout. About a minute of the play scene is unfocused. Includes part of Encore, audio is fed from external source.",2023-12-17,,,Never Gift,Unrestricted,Bootleg,4K MP4 (9.73GB),,,Full Show,Al Hirschfeld Theatre,"New York, NY",2026-07-19,https://encora.it/recordings/1145701/,9.73GB,MP4
Video,Moulin Rouge! The Musical,Broadway,"April, 2023 (1)",Unknown,juniper47,"Joanna ""JoJo"" Levesque (Satine), Derek Klena (Christian), Eric Anderson (Harold Zidler), David Harris (The Duke of Monroth), Andre Ward (Toulouse-Lautrec), Ricky Rojas (Santiago), Sophie Carmen-Jones (Nini), Jacqueline B. Arnold (La Chocolat), Tasia Jungbauer (Arabia), David Merino (Baby Doll), Nick Martinez (Pierre), Sarah Bowden (Ensemble), Maya Bowles (Ensemble), Patrick Clanton (Ensemble), Alexander Gil Cruz (Ensemble), Taurean Everett (Ensemble), Aaron C. Finley (Ensemble), Bahiyah Hibah (Ensemble), Kaitlin Mesh (Ensemble), Clay Rice-Thomson (Ensemble), Arianna Rosario (Ensemble), Julius Anthony Rubio (Ensemble), Alec Varcas (Ensemble), Cole Wachman (Ensemble), Bria Jené Williams (Ensemble)","Filmed in 4K, released as 1080p and 4K. Occasional obstruction in Act 1 when the guy sitting in front of me kept leaning forward (less leaning in Act 2). A few very brief drop-outs here and there. A few wide shots, but mostly medium and closer zooms to focus on JoJo as it was her first performance as Satine. Lots of fans cheering. No video of megamix or curtain call due to ushers and obstruction.",,2024-03-28,,NFS,Gift at your Discretion,Unrestricted,Bootleg,MP4 (HD & 4K) - 19.71 GB; 7.85 GB,,,Full Show,Al Hirschfeld Theatre,"New York, NY",2026-07-26,https://encora.it/recordings/1145851/,9.7 GB,4K MP4
Video,Moulin Rouge! The Musical,Broadway,"November, 2021",Unknown,StarCuffedJeans,"Ashley Loren (alt Satine), Aaron Tveit (Christian), Danny Burstein (Harold Zidler), Tam Mutu (The Duke of Monroth), Sahr Ngaujah (Toulouse-Lautrec), Ricky Rojas (Santiago), Robyn Hurder (Nini), Jacqueline B. Arnold (La Chocolat), Holly James (Arabia), Jeigh Madjus (Baby Doll), Reed Luplau (Pierre), Keely Beirne (Ensemble), Giovanni Bonaventura (Ensemble), Olutayo Bosede (Ensemble), Kyle Brown (Ensemble), Sam J. Cahn (Ensemble), Bobby Daye (Ensemble), Karli Dinardo (Ensemble), Aaron C. Finley (Ensemble), Bahiyah Hibah (Ensemble), Kaitlin Mesh (Ensemble), Fredric Odgaard (Ensemble), Khori Michelle Petinaud (Ensemble), Benjamin Rivera (Ensemble), Julius Anthony Rubio (Ensemble), Ericka Hunter Yang (Ensemble)",,,2022-06-01,,,Gift at your Discretion,Unrestricted,Bootleg,MP4 (HD) - 5.99 GB,,,Full Show,Al Hirschfeld Theatre,"New York, NY",2026-07-26,https://encora.it/recordings/1117710/,5.98GB,MP4
Video,Murder Ballad,Off-Broadway Remount,"July 13, 2013",Evening,SunsetBlvd79,"Caissie Levy (Sara), John Ellison Conlee (Michael), Jim Newman (u/s Tom), Rebecca Naomi Jones (Narrator)",,"Excellent HD capture. Performed in the round in a bar setting, so the action takes place all over the theater.",,,,Gift at your Discretion,Unrestricted,Bootleg,,,,Full Show,Union Square Theatre,"New York, NY",2026-07-16,https://encora.it/recordings/521/,4.09 GB,VOBs + smalls
Video,"Natasha, Pierre & The Great Comet of 1812",Off-West End,"January, 2025",Unknown,Jagweed,"Chumisa Dornford-May (Natasha), Declan Bennett (Pierre), Maimuna Memon (Sonya), Annette McLaughlin (Marya D.), Jamie Muscato (Anatole), Cat Simmons (Hélène), Daniel Krikler (Dolokhov), Eugene McCoy (Bolkonsky/Andrey), Chloe Saracco (Mary), Cedric Neal (Balaga), Andrew Berlin (Ensemble), Kimberly Blake (Ensemble), Ali Goldsmith (Ensemble), Chihiro Kawasaki (Ensemble), Nitai Levi (Ensemble), Annie Majin (Ensemble)",An excellent capture. Some focus issues but nothing major. For about 7 minutes in Act Two there is a tech issue with an AC-like sound from a machine. I’ve done my best to minimise the sound as much as I can but it can still be heard. Recording includes the curtain call and a shot of the outside of the theatre. Filmed in 4K. External audio used.,,2025-08-30,,NFS,Never Gift,Unrestricted,Bootleg,8.98 GB MP4,,,Full Show,Donmar Warehouse,"London, United Kingdom",2026-08-01,https://encora.it/recordings/2010082/,8.98 GB,MP4
Video,Newsies,Gateway Playhouse,"September, 2021",Unknown,StarCuffedJeans,"Alex Prakken (Jack Kelly), Logan Marks (Davey Jacobs), Molly Rushing (Katherine Plumber), Andrew Stevens Purdy (Crutchie), David Engel (Joseph Pulitzer), Aurelia Williams (Medda Larkin/Nun), David Lafler (Les Jacobs), Ryan Rodino (Race), Noah Lentini (Romeo), Tim Webb (Morris Delancey), Mike D'amico (Oscar Delancey), Maurice Dawkins (Spot Conlon/Elmer), Steven Etienne (Finch), Matthew Sparks (Specs), Anthony Dasilva (Albert), Mark Woodard (Wiesel/Mr. Jacobi/Mayor), Brian C. Veith (Snyder), Steve Brady (Theodore Roosevelt/Nunzio), Dario Natarelli (Henry), Jonathan Reyes (Buttons), Timothy H. Lee (Seitz), Steven Rice (Bunsen/Stage Manager), Maggie Bergman (Hannah/Nun), Joshua Keen (Mush/Bill), Rorey Chiavarria (Darcy), BB Stone (Tommy Boy/Nun)",,,2022-04-01,,,Gift at your Discretion,Unrestricted,Bootleg,"MP4, 6 GB",,,Full Show,Gateway Playhouse,"Bellport, NY",2026-07-26,https://encora.it/recordings/1118989/,6 GB,MP4
Video,Newsies,Paper Mill Playhouse,"October, 2011",Unknown,Unknown,"Jeremy Jordan (Jack Kelly), Ben Fankhauser (Davey Jacobs), Kara Lindsay (Katherine Plumber), Andrew Keenan-Bolger (Crutchie), John Dossett (Joseph Pulitzer), Helen Anker (Medda Larkin), RJ Fattori (Les Jacobs), Ryan Breslin (Race), Andy Richardson (Romeo), Mike Faist (Morris Delancey), Brendon Stimson (Oscar Delancey), Tommy Bracco (Spot Conlon), Aaron J. Albano (Finch), Ryan Steele (Specs), Garett Hawe (Albert), John E. Brady (Wiesel/Mr. Jacobi/Mayor), Mark Aldrich (Seitz), Laurie Veldheer (Hannah), Max Ehrich (Mush/Darcy)",,"Filmed in 16:9 widescreen, almost no obstructions except for a head on the edge of the widest shots. Only very brief drop-outs for applause. Super fun for fans of the show to see the version before it came to Broadway. This is the only known full video of this pre-Broadway production. Yes, there is a typo in Andrew Keenan-Bolgers name in the videos cast list. Sorry. Audio fed in from external source, so the audio is nice and clear. Do not identify master or exact date. NO PART OF THIS VIDEO IS EVER TO BE POSTED OR SHARED ANYWHERE ONLINE including but not limited to YouTube, Tumblr, Vimeo, Reddit, etc.",,,,Gift at your Discretion,Unrestricted,Bootleg,,,,Full Show,Paper Mill Playhouse,"Millburn, NJ",2026-07-26,https://encora.it/recordings/1110085/,5.84 GB,MP4
Video,Next to Normal,West End,"July, 2024",Unknown,Jagweed,"Caissie Levy (Diana), Jamie Parker (Dan), Jack Wolfe (Gabe), Eleanor Worthington-Cox (Natalie), Jack Ofrecio (Henry), Trevor Dion Nicholas (Dr. Fine/Dr. Madden)","A perfect capture of the West End transfer. The cast have only gotten better since the Donmar run. Filmed head on instead of from the side, like my previous capture, so you can see the actor’s expression clearly and get a clear view of the set and staging. A must have capture for fans of the show and this production. Recording includes the curtain call and marquee.",,2025-01-30,,NFS,Never Gift,Unrestricted,Bootleg,MP4 9.36 GB,,,Full Show,Wyndham's Theatre,"London, United Kingdom",2026-07-26,https://encora.it/recordings/2002621/,9.36 GB,MP4
Video,Next to Normal,West End,"July, 2024",Evening,MTTZ,"Caissie Levy (Diana), Jamie Parker (Dan), Jack Wolfe (Gabe), Eleanor Worthington-Cox (Natalie), Jack Ofrecio (Henry), Trevor Dion Nicholas (Dr. Fine/Dr. Madden)","Fantastic capture of this incredible West End transfer. Shot in a beautiful mix of wides, mediums, and close-ups. More wides than usual to catch the simply amazing staging and blocking. Some increased wandering, shaking, and re-adjusting throughout, as well as my backpack occasionally blocking the very bottom of the stage, but nothing is missed. The overhang cuts off the very top of the set and occasionally obscures faces when they're far back in the top rooms. Some non-disruptive rustling heard throughout. Truly an excellent capture of this excellent show.",,2024-12-05,,,Gift at your Discretion,Unrestricted,Bootleg,,MP4 [ 8.98 GB ],,Full Show,Wyndham's Theatre,"London, United Kingdom",2026-08-11,https://encora.it/recordings/2002785/,8.98 GB,MP4
Video,The Notebook,Broadway,"June 27, 2024",Evening,bikinibottomday,"Maryann Plunkett (Older Allie), Dorian Harewood (Older Noah), Joy Woods (Middle Allie), Ryan Vasquez (Middle Noah), Jordan Tyson (Younger Allie), John Cardoza (Younger Noah), Andréa Burns (Mother/Nurse Lori), Charles E. Wallace (Father/Son/Others), Hillary Fisher (Sarah/Granddaughter/Others), Dorcas Leung (Georgie/Concierge/Others), Carson Stewart (Fin/Johnny/Others), Chase Del Rey (Lon/Others), Juliette Ojeda (s/w Nurse Joanna/s/w Others)","Excellent 4K capture! Some moments of wandering / readjustment and unfocusing throughout, a bit of weird framing. Standing ovation blocks the very end of Coda. Includes curtain call, audio is fed from external source.",,2025-03-17,,,Never Gift,Unrestricted,Bootleg,MP4 (4K) - 9.38 GB,,,Full Show,Gerald Schoenfeld Theatre,"New York, NY",2026-07-26,https://encora.it/recordings/2004505/,9.38 GB,MP4
Video,The Notebook,Broadway,"November, 2024",Unknown,MTTZ,"Maryann Plunkett (Older Allie), Dorian Harewood (Older Noah), Kim Onah (u/s Middle Allie), Ryan Vasquez (Middle Noah), Anna Zavelson (Younger Allie), Benji Santiago (Younger Noah), Andréa Burns (Mother/Nurse Lori), Charles E. Wallace (Father/Son/Others), Hillary Fisher (Sarah/Granddaughter/Others), Dorcas Leung (Georgie/Concierge/Others), Carson Stewart (Fin/Johnny/Others), Chase Del Rey (Lon/Others), Yassmin Alers (Nurse Joanna/Others)","Great capture of this AMAZING show! Shot in a wonderful mix of wides, mediums, and close-ups. Head obstruction on the left that blocks out about 1/4 of the stage (mostly the Older couple scenes in act 1), not too much action is missed. Some wandering, shaking, and re-adjusting throughout. A couple of brief dropouts. Some washout on wide shots. External audio patched in from bobbyskazoo. If you hear me sobbing, no you don’t. Overall a great capture.",,2025-07-05,,,Gift at your Discretion,Unrestricted,Bootleg,,,,Full Show,Gerald Schoenfeld Theatre,"New York, NY",2026-07-26,https://encora.it/recordings/2007943/,8.35 GB,MP4
Video,Oliver!,Sixth West End Revival,"August, 2025",Unknown,MTTZ,"Sam Peggs (u/s Fagin), Odo Rowntree-Bailly (Oliver Twist), Peter Nash (u/s Bill Sikes), Shanay Holmes (Nancy), Billy Jenkins (The Artful Dodger), Adam Boardman (u/s Mr. Bumble), Philip Franks (Mr. Brownlow), Stephen Matthews (Mr. Sowerberry/Dr. Grimwig), Katy Secombe (Widow Corney), Jasmine Sakyiama (s/w Bet), Jamie Birkett (Mrs. Sowerberry/Mrs. Bedwin), Callum Hudson (Noah Claypole), Bethan Keens (Charlotte), Wendy Somerville (Old Sally), Lochlan White (Charley Bates), Harry Cross (Dandy), Charlie Man-Evans (Snatch), Hayden Dicken (Spiv), Noah Gibbons (Swindler), Hugo Pechey (Thomas Fitch), Dylan Xavier (Kenwood Popkiss), Sebastian Castro (Sidney Chattoway), Emma Bendor (Georgina Trimble), Rachael Archer (Ensemble), Tegan Bannister (Ensemble), Lois Craig (s/w Ensemble), Stephen John Davis (s/w Ensemble), Josh Patel-Foster (Ensemble), Leah Vassell (Ensemble), Matthew Whennell-Clark (Ensemble)","Excellent capture of this fantastic production! Shot in a great mix of wides, mediums, and close-ups. Internal audio is used, so there's some audio interference but it's not too bad. Minor obstruction on the bottom that doesn't cut off any action. Minimal wandering, shaking, and re-adjusting throughout. Overall a fantastic capture.",,2026-03-05,,,Never Gift,Unrestricted,Bootleg,,,,Full Show,Gielgud Theatre,"London, United Kingdom",2026-07-30,https://encora.it/recordings/2020233/,9.36 GB,MP4
Video,Operation Mincemeat,Broadway,"February 15, 2025",Evening,bikinibottomday,"Natasha Hodgson (Ewen Montagu & Others), David Cumming (Charles Cholmondeley & Others), Zoe Roberts (Johnny Bevan & Others), Jak Malone (Hester Leggatt & Others), Claire-Marie Hall (Jean Leslie & Others)","Excellent 4K capture of this show’s first preview! Very minor obstruction in the right bottom corner, does not block anything. Some wandering and unfocusing throughout. Includes pre-show speech and curtain call, audio fed from external source.",,2025-08-17,,,Never Gift,Unrestricted,Bootleg,4K MP4 (10.46GB),,,Full Show,John Golden Theatre,"New York, NY",2026-07-26,https://encora.it/recordings/2010936/,10.46GB,4K MP4
Video,The Outsiders,Broadway,"March 19, 2024",Evening,angelofmusicishere,"Brody Grant (Ponyboy Curtis), Sky Lakota-Lynch (Johnny Cade), Joshua Boone (Dallas Winston), Brent Comer (Darrel Curtis), Jason Schmidt (Sodapop Curtis), Emma Pittman (Cherry Valance), Daryl Tofa (Two-Bit Mathews), Kevin William Paul (Bob Sheldon/Cop), Dan Berry (Paul Holden), SarahGrace Mariani (Marcia), Tilly Evans-Krueger (Ace), Renni Anthony Magee (Steve), RJ Higton (Chet), Sean Harrison Jones (Trip), Barton Cowperthwaite (Brill), Melody Rose (Beverly)",,"Third preview. Whole show shot from left orchestra, obstructed view during two songs.",2025-03-19,,,Gift at your Discretion,Unrestricted,Bootleg,MP4 (1080p) 9.24 GB,MP4 (1080p) [ 9.24 GB ],,Full Show,Bernard B. Jacobs Theatre,"New York, NY",2026-08-12,https://encora.it/recordings/1156798/,9.24 GB,MP4
Video,The Outsiders,Broadway,"April, 2024",Unknown,allisforgiven,"Brody Grant (Ponyboy Curtis), Sky Lakota-Lynch (Johnny Cade), Joshua Boone (Dallas Winston), Brent Comer (Darrel Curtis), Jason Schmidt (Sodapop Curtis), Emma Pittman (Cherry Valance), Daryl Tofa (Two-Bit Mathews), Kevin William Paul (Bob Sheldon/Cop), Dan Berry (Paul Holden), SarahGrace Mariani (Marcia), Tilly Evans-Krueger (Ace), Renni Anthony Magee (Steve), RJ Higton (Chet), Sean Harrison Jones (Trip), Barton Cowperthwaite (Brill), Melody Rose (Beverly), Wonza Johnson (Ensemble), Josh Strobl (Ensemble), Trevor Wayne (Ensemble), Maggie Kuntz (Ensemble)","<p>Great stage shot, filmed from the far right side. This is a very dark show (lighting wise) so the video is also often quite dark, but still perfectly watchable. There's a bit more movement than usual throughout and a few instances where the actors step out of frame on the extreme right, but all the action is captured in full.</p>",,2024-11-20,,,Never Gift,Unrestricted,Bootleg,,,,Full Show,Bernard B. Jacobs Theatre,"New York, NY",2026-07-26,https://encora.it/recordings/1157276/,8.1 GB,MP4
Video,Paddington The Musical,West End,"February, 2026",Unknown,MTTZ,"Arti Shah (Paddington On-Stage Performer), James Hameed (Paddington Off-Stage Performer and Remote Puppeteer), Aimée Fisher (u/s Mrs. Brown), Adrian Der Gregorian (Mr. Brown), Joseph Bramley (Jonathan Brown), Delilah Bennett-Cardy (Judy Brown), Victoria Hamilton-Barritt (Millicent Clyde), Ben Redfern (u/s Mr. Curry), Bonnie Langford (Mrs. Bird), Tarinn Callender (Grant), Teddy Kempner (Mr. Gruber), Amy Booth-Steel (Lady Sloane/Train Announcer/Mrs. Hachoo), Brenda Edwards (Tanya/Voice of Aunt Lucy/Ensemble), Timi Akinyosade (Tony), David Birch (s/w Hank the Pigeon/s/w Ensemble), Tiago Dhondt Bamberger (Ensemble), Jacqueline Hughes (Ensemble), Kellianna Jay (Ensemble), Natasha Leaver (Ensemble), Sunny Lee (Ensemble), Jáiden Lodge (Ensemble), Vicki Lee Taylor (Ensemble), Simon Shorten (Ensemble)","Excellent capture of this immensely hyped musical! Shot in a great mix of wides, mediums, and close-ups. Some increased wandering, shaking, and re-adjusting throughout. Shot over heads that never block significant action. Audio is patched in from an external source; some scraping and rustling might be heard during readjustment periods. Overall an excellent capture of THE BEAR!",,2026-08-05,,,Gift at your Discretion,Unrestricted,Bootleg,MP4 (4K) - 9.53 GB,MP4 (4K) [ 9.53 GB ],,Full Show,Savoy Theatre,"London, United Kingdom",2026-08-12,https://encora.it/recordings/2029465/,9.53 GB,MP4
Video,Parade,First Broadway Revival,"June, 2023",Unknown,Lasagna,"Ben Platt (Leo Frank), Micaela Diamond (Lucille Frank), Alex Joseph Grayson (Jim Conley), Paul Alexander Nolan (Hugh Dorsey), Howard McGillin (Judge Roan/Old Soldier), Jay Armstrong Johnson (Britt Craig), Sean Allan Krill (Governor Slaton)",,"Brilliant capture of this powerful show! Unobstructed, fairly wideshot due to the stage design but the spotlights were nice to me this time.",2023-12-29,,,Gift at your Discretion,Unrestricted,Bootleg,MP4 (4K),,,Full Show,Bernard B. Jacobs Theatre,"New York, NY",2026-07-30,https://encora.it/recordings/1144369/,9.78 GB,MP4 (4K)
Video,The Phantom of the Opera (Andrew Lloyd Webber),West End,"January, 2023",Unknown,Lasagna,"Killian Donnelly (The Phantom of the Opera), Lucy St. Louis (Christine Daaé), Matt Blaker (Raoul de Chagny), Kelly Glyptis (Carlotta Giudicelli), Matt Harrop (Monsieur Firmin), James Hume (u/s Monsieur André), Francesca Ellis (Madame Giry), Ellie Young (Meg Giry), Andrew York (u/s Joseph Buquet/s/w Marksman), Tim Southgate (u/s Monsieur Reyer), Edward Court (u/s Auctioneer), Hywel Dowsell (s/w Monsieur Lefèvre), Hollie Aires (s/w Confidante), Olivia Holland-Rose (s/w Madame Firmin), Manon Taris (e/c Wild Woman)",,Wonderful capture taken in Lucy’s last weeks. Very minor obstruction from heads that don’t block any of the action.,2023-12-29,,,Gift at your Discretion,Unrestricted,Bootleg,MP4 (4K),MP4 [ 9.13 GB ],,Full Show,His Majesty’s Theatre (London),"London, United Kingdom",2026-08-11,https://encora.it/recordings/1137403/,9.13 GB,MP4
Video,The Picture of Dorian Gray (Kip Williams),West End,"March, 2024",Unknown,Jagweed,Sarah Snook (Dorian Gray),"A perfect capture of this production. One or two focus issues that only last a few seconds. No obstruction. A great mix of wides, mediums and close ups to deliver a clear overview of this tech heavy production. Recording includes the curtain call and marquee.",,2024-11-30,,NFS,Gift at your Discretion,Unrestricted,Bootleg,MP4 4K (8.46 GB),MP4 4K [ 8.46 GB ] ,,Full Show,Theatre Royal Haymarket,"London, United Kingdom",2026-08-11,https://encora.it/recordings/2005060/,8.46 GB,MP4
Video,The Pirates of Penzance,Broadway Revival (2025),"July 25, 2025",Evening,bikinibottomday,"David Hyde Pierce (Major-General Stanley/Gilbert), Ramin Karimloo (The Pirate King), Jinkx Monsoon (Ruth), Samantha Williams (Mabel), Nicholas Barasch (Frederic), Preston Truman Boyd (Sergeant of Police/Sullivan), Kelly Belarmino (Ensemble), Cicily Daniels (Ensemble), Ninako Donville (Ensemble), Alex Dorf (Ensemble), Rick Faugno (Ensemble), Niani Feelings (Ensemble), Tommy Gedrich (Ensemble), Alex Gibson (Ensemble), Afra Hines (Ensemble), Tatiana Lofton (Ensemble), Shina Ann Morris (Ensemble), Dan Hoy (Ensemble), Ryo Kamibayashi (Ensemble), Nathan Lucrezio (Ensemble), Tyrone L. Robinson (Ensemble), Bronwyn Tarboton (Ensemble)","Excellent 4K capture of this show in its final week! Very minor head obstruction cut off almost nothing. Some wandering and unfocusing throughout. Includes curtain call, audio fed from external source.",This was one of the performances filmed for the New York Public Library for Performing Arts Archive,2026-02-02,,,Never Gift,Unrestricted,Bootleg,4K MP4 (9.22GB),,,Full Show,Todd Haimes Theatre,"New York, NY",2026-07-16,https://encora.it/recordings/2018447/,9.22 GB,MP4
Video,The Play That Goes Wrong,Fourth UK Tour,"May, 2022",Unknown,hadesishere,"Henry Lewis (Robert Grove), Henry Shields (Chris Bean), Dave Hearn (Max Bennett), Charlie Fay Russell (Sandra Wilkinson), Jonathan Sayer (Dennis Tyde), Greg Tannahill (Jonathan Harris), Nancy Zamit (Annie Twilliol), Rob Falconer (Trevor Watson)","Fantastic capture of the original cast during their 2-week limited run on tour. Shot in 4K with external audio synced. Minimal wandering and washout, no dropouts and no real obstructions. Incredibly enthusiastic audience with massive applauses throughout.",,2025-07-01,,NFS,Never Gift,Unrestricted,Bootleg,4K MP4 (14.2 GB),MP4 (4K) [ 14.2 GB ],,Full Show,,,2026-08-08,https://encora.it/recordings/1126225/,14.2 GB,MP4
Video,Ragtime,Second Broadway Revival,"October, 2025",Evening,The Riddle,"Joshua Henry (Coalhouse Walker Jr.), Caissie Levy (Mother), Brandon Uranowitz (Tateh), Nichelle Lewis (Sarah), Colin Donnell (Father), Ben Levi Ross (Mother's Younger Brother), Shaina Taub (Emma Goldman), Nick Barrington (The Little Boy), Tabitha Lawing (The Little Girl), Anna Grace Barlow (Evelyn Nesbit), John Clay III (Booker T. Washington), Tom Nelis (Grandfather/Judge/Ensemble), Rodd Cyrus (Harry Houdini), Jacob Keith Watson (Willie Conklin/Harry K. Thaw/Ensemble), Kent Overshown (Reporter/Ensemble), Billy Cohen (Stanford White/Charles S. Whitman/Doctor/Ensemble), John Rapson (Admiral Peary/J.P. Morgan), Jason Forbach (Henry Ford/Ensemble), Alan Wiggins (Matthew Henson/Ensemble), Ellie Fishman (Kathleen/Ensemble), Lauren Blackman (Welfare Official/Ensemble), Nicholas Barrón (Baron's Assistant/Trolley Conductor/Ensemble), Kerry Conte (s/w Brigit/s/w Ensemble), Kane Emmanuel Miller (Coalhouse Walker III), Allison Blackwell (Sarah's Friend/Ensemble), Deandre Sevon (Coalhouse Follower/Ensemble), Kayla Pecchioni (Ensemble), David Jennings (Ensemble), Marina Kondo (Ensemble), Morgan Marcell (Ensemble), Rheaume Crenshaw (Ensemble), Ta'Nika Gibson (Ensemble), Jordan Chin (Ensemble)","Great 4k capture of this incredible revival in previews shortly before opening! Fairly severe camera fog within the first 25 minutes, some washout and obstruction from heads in wideshots, but little to no wandering throughout. Due to the nature of the thrust stage and the fact that this video was taken from the side, occasionally actors have their backs turned to the audience and facial expressions are missed. Includes bows.",,2026-04-01,,,Gift at your Discretion,Unrestricted,Bootleg,"MP4 (12.15 GB, 4K)",,,Full Show,Vivian Beaumont Theatre,"New York, NY",2026-07-31,https://encora.it/recordings/2023072/,12.15 GB,MP4 (4K)
Video,RENT,Hope Mill Theatre,"November 3, 2020",Evening,,"Blake Patrick Anderson (Mark Cohen), Tom Francis (Roger Davis), Maiya Quansah-Breed (Mimi Márquez), Millie O'Connell (Maureen Johnson), Dom Hartley-Harris (Tom Collins), Alex Thomas-Smith (Angel Dumott Schunard), Ahmed Hamad (Benjamin Coffin III), Jocasta Almgill (Joanne Jefferson), Iz Hesketh (Ensemble), Allie Daniel (Ensemble), Kayla Carter (Ensemble), B Terry (Ensemble)",,,,,,Gift at your Discretion,Unrestricted,Pro-Shot,,MP4 [ 2.67GB ],,Full Show,Hope Mill Theatre,"Manchester, United Kingdom",2026-08-08,https://encora.it/recordings/1006457/,2.67GB,MP4
Video,Ride,The Old Globe,"April, 2024",Evening,MTTZ,"Alex Finke (Annie Londonderry), Livvy Marcus (Martha Smith)",,"Stunning capture of this amazing musicals USA premiere featuring some reworked and added scenes! Shot in a great mix of wides, mediums, and close-ups from the balcony so absolutely everything is captured. Some wandering, shaking, and re-adjusting throughout, and about a minute missing from one of the songs, but complete otherwise. Occasional light obstruction from my backpack that doesnt block anything.",2024-08-05,,,Gift at your Discretion,Unrestricted,Bootleg,,MP4 [6.52 GB ],,Full Show,The Old Globe,"San Diego, CA",2026-08-11,https://encora.it/recordings/1157333/,6.52 GB,MP4
Video,The Rocky Horror Show,Second Broadway Revival,"April 14, 2026",Evening,angelofmusicishere,"Luke Evans (Dr. Frank-N-Furter), Stephanie Hsu (Janet Weiss), Andrew Durand (Brad Majors), Juliette Lewis (Magenta), Michaela Jaé Rodriguez (Columbia), Amber Gray (Riff Raff), Harvey Guillén (Eddie/Dr. Scott), Josh Rivera (Rocky), Rachel Dratch (The Narrator), Caleb Quezon (Phantom), Boy Radio (Phantom), Larkin Reilly (Phantom), Paul Soileau (Phantom)","Whole show shot from right mezzanine, well-captured.",,2027-04-14,,,Gift at your Discretion,Unrestricted,Bootleg,,,,Full Show,Studio 54,"New York, NY",2026-07-29,https://encora.it/recordings/2031781/,8.05 GB,MP4
Video,Romeo and Juliet (Shakespeare),Broadway Revival (2024-2025),"November, 2024",Unknown,StarCuffedJeans,"Kit Connor (Romeo), Rachel Zegler (Juliet), Taheen Modak (Benvolio), Gabby Beans (Mercutio/Friar Laurence), Solá Fádìran (Lord Capulet/Lady Capulet), Tommy Dorfman (Tybalt/The Nurse), Gían Pérez (Paris/Sampson/Peter), Nihar Duvvuri (Balthasar), Jasai Chase-Owens (Gregory), Daniel Bravo Hernández (Abraham)",,,2025-08-01,,,Never Gift,Unrestricted,Bootleg,MP4 (HD) -  6.24 GB,,,Full Show,Circle In The Square Theatre,"New York, NY",2026-07-17,https://encora.it/recordings/2010447/,6.24 GB,MP4 (HD)
Video,SAW The Musical: The Unauthorized Parody of Saw,Hudson Theatre,"March, 2024",Evening,MTTZ,"Ray Robinson (Gordon/Zepp), Adam Parbhoo (Adam/Diana), Gabrielle Goodman (Jigsaw/Amanda/Alison)",,"First known recording of this show. A decent capture of this raunchy, funny, gay parody of the SAW movies in a very intimate theater! Shot with a mix of wides, mediums, and close-ups, with wides and close-ups being common wherever possible. Especially wideshot during darker scenes. Shot between and around many heads that obstruct some action. Some action is missed throughout, but the show is still very watchable. A large amount of wandering, re-adjusting, and some shakiness. Some rustling can be heard throughout.",2024-06-05,,,Gift at your Discretion,Unrestricted,Bootleg,MP4,,,Full Show,Hudson Mainstage Theatre,"Los Angeles, CA",2026-07-21,https://encora.it/recordings/1155954/,14 GB,MP4
Video,School of Rock,Broadway,"December 30, 2015",Matinee,SJ Bernly,"Alex Brightman (Dewey Finn), Sierra Boggess (Rosalie Mullins), Spencer Moses (Ned Schneebly), Mamie Parris (Patty), Isabella Russo (Summer), Bobbi MacKenzie (Tomika), Brandon Niederauer (Zack), Jared Parker (Lawrence), Dante Melucci (Freddy), Evie Dolan (Katie), Luca Padovan (Billy), Taylor Caldwell (Shonelle), Carly Gendell (Marcy), Ethan Khusidman (Mason), Corinne Wilson (Sophie), Shahadi Wright Joseph (Madison)","Beautiful HD capture of this wonderful show. Alex is perfectly cast as Dewey and leads the show well. A very nice capture with no obstruction, no washout, and just a couple quick dropouts. It gets a little dark at times. Filmed from the right side. The sound is excellent. Includes curtain call and playbill scan. Alex Brightman shows why he deserves his Tony Nomination with a kickass performance.",,,,,Gift at your Discretion,Unrestricted,Bootleg,VOB & smalls,VOBS+ smalls - 7.72 GB,,Full Show,Winter Garden Theatre,"New York, NY",2026-07-16,https://encora.it/recordings/4430/,7.72 GB,VOB & smalls
Video,Six,Pre-Broadway Tour,"November 30, 2019",Evening,myroadofgoodintentions,"Adrianna Hicks (Catherine of Aragon), Andrea Macasaet (Anne Boleyn), Mallory Maedke (t/r Jane Seymour), Nicole Kyoung-Mi Lambert (t/r Anna of Cleves), Samantha Pauly (Katherine Howard), Anna Uzele (Catherine Parr)",,"Shot with a high quality camera; a mix of wides and zooms. There are some minor obstructions to the bottom left of the screen up through Don't Lose Ur Head. Some adjustments to set up were made at this time and the rest of the show was very clear and crisp, some minor jerkiness from following the action. Starts from the beginning of the show and goes through the Mega Six without disruption.",2020-06-20,,,Gift at your Discretion,Unrestricted,Bootleg,,,,Full Show,Ordway Center For The Performing Arts,"St. Paul, MN",2026-07-26,https://encora.it/recordings/26180/,8.77 GB,MP4 (HD)
Video,Six,Second US National Tour (Boleyn),"November, 2024",Unknown,TheatreCouple14,"Chani Maisonet (Catherine of Aragon), Taylor Sage Evans (s/b Anne Boleyn), Kelly Denice Taylor (Jane Seymour), Danielle Mendoza (Anna of Cleves), Alize Cruz (Katherine Howard), Tasia Jungbauer (Catherine Parr)","Great wide-shot phone video from the mid-left orchestra. Unfortunately, due to angle, some of the right side of the stage gets cut off (Sorry, Parr, it's mostly you). I was there solely for Chani so focused on her on the left of the stage as much as possible. Delightful performance from the new tour cast in their first full city stop. Audience was very receptive (including the young Twink there with his mom who knew the entire choreography and performed it from his seat. I don't think it's in the video, but you definitely see him in the Megasix)",,,,NFS,Gift at your Discretion,Unrestricted,Bootleg,,,,Full Show,National Theatre,"Washington, DC",2026-08-04,https://encora.it/recordings/2007206/,N/A,N/A
Video,Six,Broadway,"July 1, 2025",Evening,onehandonmycamera,"Najah Hetsberger (Catherine of Aragon), Gianna Yanelli (Anne Boleyn), Kelsie Watts (Jane Seymour), Krystal Hernández (Anna of Cleves), Kay Sibal (Katherine Howard), Taylor Marie Daniel (Catherine Parr)",,,2026-02-01,,,Never Gift,Unrestricted,Bootleg,,,,Full Show,Lena Horne Theatre,"New York, NY",2026-08-04,https://encora.it/recordings/2017297/,N/A,N/A
Video,Smash,Broadway,"April, 2025",Unknown,MTTZ,"Robyn Hurder (Ivy), Brooks Ashmanskas (Nigel), Krysta Rodriguez (Tracy), John Behlmann (Jerry), Kristine Nielsen (Susan), Caroline Bowman (Karen), Bella Coppola (Chloe), Jacqueline B. Arnold (Anita), Nicholas Matos (Scott), Casey Garvin (Charlie), Megan Kane (Holly), Wendi Bergamini (Ensemble), Sarah Bowden (Ensemble), Deanna Cudjoe (Ensemble), Daniel Gaymon (Ensemble), Merritt David Janes (Ensemble), David Paul Kidder (Ensemble), McGee Maddox (Ensemble), J Savage (Ensemble), Jake Trammel (Ensemble), Katie Webber (Ensemble)","Great capture of this insane and awesome show in previews! Shot around heads that briefly block some occasional action but are worked around well. Shot in a great mix of wides, mediums, and close-ups. Some increased wandering, shaking, and re-adjusting throughout. Audio is patched in from an external source. Overall a great capture.",,2025-10-05,,,Gift at your Discretion,Unrestricted,Bootleg,,,,Full Show,Imperial Theatre,"New York, NY",2026-07-26,https://encora.it/recordings/2012256/,9.11 GB,MP4
Video,Spring Awakening (Sheik/Sater),West End 15th Anniversary Reunion Concert,"June 2, 2024",Unknown,Jagweed,"Jamie Muscato (Melchior Gabor), Charlotte Wakefield (Wendla Bergmann), Jack Wolfe (Moritz Stiefel), Lucy May Barker (Ilse Neumann), Hayley Gallivan (Martha Bessell), Richard Southgate (Hanschen Rilow), Edward Judge (Otto Lämmermeier), Jos Slovick (Georg Zirschnitz), Evelyn Hoskins (Thea), Natasha J. Barnes (Anna), Harry McEntire (Ernst Robel), Natalie Garner (The Adult Women), Mona Goodwin (The Adult Women), Gemma O'Duffy (The Adult Women), Chris Barton (The Adult Men)",A few short focus issues throughout. The top of a head sometimes appears at the bottom of the screen. It never obstructs anything. Recording includes the curtain call and a shot of the outside of the theatre. Filmed in 4K. External audio used.,,2025-08-30,,NFS,Never Gift,Unrestricted,Bootleg,9.06 GB MP4,,,Full Show,Victoria Palace Theatre,"London, United Kingdom",2026-07-19,https://encora.it/recordings/2010084/,9.06 GB,MP4
Video,Starlight Express,Troubadour Wembley Park Theatre,"August, 2024",Evening,MTTZ,"Jeevan Braich (Rusty), Kayna Montecillo (Pearl), Al Knott (Greaseball), Tom Pigram (Electra), Jade Marvin (Momma), Eve Humphrey (Dinah), Ashlyn Weekes (Belle the Sleeping Car), Renz Cardenas (Tassita), Jaydon Vijn (Hydra), Lewis Kidd (Porter), Harrison Peterkin (Lumber), Jessie Angell (s/w Slick), Jessica Vaux (Blue Lightning), Sam Gallacher (s/w Green Arrow), David Peter Brown (Golden Eagle), Isaac Edwards (s/w Silver Bullet), Marianthe Panas (Orange Flash), Hannah Kiss (s/w Joule), Ollie Augustin (Volta), Jamie Cruttenden (s/w Volta), Lilianna Hendy (Wrench), Sheridan (s/w Killerwatt), Cristian Buttaci (Control), Jamie Addison (Marshal), Dante Hutchinson (Marshal)","Solid capture of this spectacular production. Head obstruction on the far left of the stage and bottom of the track that only occasionally blocks action. Shot in a mix of wides and closeups with some mediums; all races are shot very wide so as not to miss any action. Some increased wandering, shaking, and re-adjusting throughout. Jamie Cruttenden came on as Volta for act 2. External audio and a video of the megamix patched in from LikeABoulevard. ",,2025-01-05,,,Gift at your Discretion,Unrestricted,Bootleg,,,,Full Show,Troubadour Wembley Park Theatre,"London, United Kingdom",2026-07-24,https://encora.it/recordings/2003610/,8.06 GB,MP4
Video,A Strange Loop,Center Theatre Group,"June, 2024 (2)",Evening,MTTZ,"Malachi McCaskill (Usher), Tarra Conner Jones (Thought 1), J. Cameron Barnett (Thought 2), Avionce Hoyles (Thought 3), John-Andrew Morrison (Thought 4), Jordan Barbour (Thought 5), Carlis Shane Clark (Thought 6)","Incredible capture of this west coast replica production. One small skip in the sloppily filmed opening number to finish setting things up, but very well filmed afterwards. Shot in a fantastic mix of wides, mediums, and close-ups. A few heads can sometimes be seen at the bottom of wideshots but they don't block anything. Some wandering, shaking, and re-adjusting throughout.",,2024-11-05,,,Gift at your Discretion,Unrestricted,Bootleg,"MP4, 7.68 GB",MP4 [ 7.68 GB ],,Full Show,Ahmanson Theatre,"Los Angeles, CA",2026-08-11,https://encora.it/recordings/2002782/,7.68 GB,MP4
Video,Stranger Things: The First Shadow,West End,"June, 2024",Unknown,Jagweed,"Calum Ross (u/s Henry Creel), Ella Karuna Williams (Patty Newby), Isabella Pappas (Joyce Maldonado), Oscar Lloyd (James Hopper Jr), Christopher Buckley (Bob Newby), Michael Jibson (Victor Creel), Tricia Adele-Turner (s/w Virginia Creel), Patrick Vaill (Dr. Brenner), Max Harwood (Alan Munson), Shane Attwooll (Chief Hopper), Chase Brown (Lonnie Byers), Ammar Duffus (Charles Sinclair), Isaac Gryn (s/w Ted Wheeler), Florence Guy (Karen Childress), Matthew Pidgeon (Principal Newby), Danny Sykes (s/w Walter Henderson), Maisie Norma Seaton (Claudia Yount), Kemi Awoderu (Sue Anderson), Reya-Nyomi Brown (Ensemble), Patricia Castro (Ensemble), Lydia Fraser (Ensemble), Mark Hammersley (Ensemble), Tom Peters (Ensemble), Kingdom Sibanda (Ensemble), Meesha Turner (Ensemble), Samuel Baxter (Ensemble)","A fantastic capture. This was filmed in the stalls and is a rather painful theatre to film in due to the poor rake on all levels. However, this recording only has one head in frame throughout and it doesn’t block any of the actors or action. A few blackouts due to the people next to me leaving to go to the bathroom and then leaving early in the second act. The audio does contain some rustling as the child next to me was eating sweets or popcorn. It’s annoying but not the worst. Filmed in wides and mediums. Recording includes the curtain call and marquee.",,2025-01-30,,NFS,Never Gift,Unrestricted,Bootleg,"MP4, 11.80 GB",,,Full Show,Phoenix Theatre,"London, United Kingdom",2026-07-26,https://encora.it/recordings/2002620/,11.8 GB,MP4
Video,Stranger Things: The First Shadow,Broadway,"May 13, 2025",Evening,bikinibottomday,"Louis McCartney (Henry Creel), Gabrielle Nevaeh (Patty Newby), Alison Jaye (Joyce Maldonado), Burke Swanson (James Hopper Jr), Juan Carlos (Bob Newby), T.R. Knight (Victor Creel), Rosie Benton (Virginia Creel), Poppy Lovell (Alice Creel), Alex Breaux (Dr. Brenner), Eric Wiegand (Alan Munson), Ted Koch (Chief Hopper/Captain Brenner), Logan Gould (Lonnie Byers), Robert T. Cunningham (Charles Sinclair), Jamie Martin Mann (Ted Wheeler), Dora Dolphin (Karen Childress), Andrew Hovelson (Principal Newby), Ian Dolley (Walter Henderson), Shea Grant (Claudia Yount), Ayana Cymone (Sue Anderson), Ta'Rea Campbell (Patty's Mom), Graham Winton (Ensemble), Maya West (Ensemble), Stephen Wattrus (Ensemble), Sean Mikesh (Ensemble), Patrick Scott McDermott (Ensemble), Rebecca Hurd (Ensemble), Nya Garner (Ensemble), Victor De Paula Rocha (Ensemble), Tom D'Agustino (Ensemble), Antoinette Comer (Ensemble), Malcolm Callender (Ensemble), Kelsey Anne Brown (Ensemble), Janie Brookshire (Ensemble)","Excellent 4K capture of this incredible play! Some head obstruction on the right side of the stage, mostly worked around. Some wandering and unfocusing throughout. Includes curtain call, audio fed from external source.",,2025-12-02,,,Never Gift,Unrestricted,Bootleg,MP4 (4K) - 10.71 GB,,,Full Show,Marquis Theatre,"New York, NY",2026-07-26,https://encora.it/recordings/2015399/,10.71 GB,MP4 (4K)
Video,Sunset Boulevard,Third West End Revival,"October, 2023",Unknown,Lasagna,"Nicole Scherzinger (Norma Desmond), Tom Francis (Joe Gillis), Grace Hodgett-Young (Betty Schaefer), David Thaxton (Max Von Mayerling), Ahmed Hamad (Artie Green), Jon Tsouras (Cecil B. DeMille/Finance Man/Stan), Hannah Yun Chamberlain (Young Norma/Patsy)",,Unobstructed capture of this innovative production! Wanders a little due to the darkness but everything is captured.,2023-12-29,,,Gift at your Discretion,Unrestricted,Bootleg,MP4 (4K),,,Full Show,Savoy Theatre,"London, United Kingdom",2026-08-01,https://encora.it/recordings/1148861/,9.17 GB,MP4 (4K)
Video,Sweeney Todd: The Demon Barber of Fleet Street,Third Broadway Revival,"May 31, 2023",Evening,bikinibottomday,"Josh Groban (Sweeney Todd), Annaleigh Ashford (Mrs. Lovett), Jordan Fisher (Anthony Hope), Maria Bilbao (Johanna), Jamie Jackson (Judge Turpin), Gaten Matarazzo (Tobias Ragg), John Rapson (Beadle Bamford), Jeanna de Waal (s/b Beggar Woman), Nicholas Christopher (Adolfo Pirelli), Danny Rothman (t/r Jonas Fogg), Dwayne Cooper (s/w Bird Seller), Patricia Phillips (Passerby), DeLaney Westfall (Ensemble), Felix Torrez-Ponce (Ensemble), Daniel Torres (Ensemble), Kristie Dale Sanders (Ensemble), Nathan Salstone (Ensemble), Lexi Rabadi (Ensemble), Samantha Pollino (Ensemble), Raymond J. Lee (Ensemble), Alicia Kaori (Ensemble), Paul-Jordan Jansen (Ensemble), Timothy Hughes (Ensemble), Taeler Cyrus (Ensemble), Galyana Castillo (Ensemble)",,"Excellent 4K capture of this revival! Increased wandering/readjustment and unfocusing throughout. Some minor head obstruction in the second act that is worked around very well. Other obstruction throughout only lasts for a second or two each time. Due to the angle, some of Johanna's moments are blocked off by the archway. Includes curtain call, audio is fed from external source.",2023-10-17,,,Never Gift,Unrestricted,Bootleg,MP4 (4K) - 11.09 GB,,,Full Show,Lunt-Fontanne Theatre,"New York, NY",2026-07-26,https://encora.it/recordings/1143661/,11.09 GB,MP4 (4K)
Video,Titanique,West End,"December, 2024",Unknown,hitmewithyourbethshot,"Lauren Drew (Céline Dion), Rob Houchen (Jack), Kat Ronney (Rose), Stephen Guarino (Ruth), Darren Bennett (Victor Garber/Luigi), Layton Williams (The Seaman/Iceberg), Charlotte Wakefield (Molly Brown), Jordan Luke Gage (Cal)",Shot around safety rails,,2025-05-18,,,Gift at your Discretion,Unrestricted,Bootleg,MTS,MTS [ 9.80 GB ],,Full Show,Criterion Theatre,"London, United Kingdom",2026-08-16,https://encora.it/recordings/2008004/,9.80 GB,MTS
Video,Titanique,Off-Broadway Remount,"December, 2024",Unknown,TheatreCouple14,"Dee Roscioli (Céline Dion), Max Jenkins (Jack), Cayleigh Capaldi (Rose), Joel Waggoner (Ruth), Tommy Bracco (Victor Garber/Luigi), Marcus Antonio (The Seaman/Iceberg), Lisa Howard (Molly Brown), Brandon Contreras (Cal), Terrence Williams Jr. (Background Vocalist), Rae Davenport (Background Vocalist), Sara Gallo (Background Vocalist)","Decent wide-shot phone video from the center. In scenes where Brandon was across from someone else and I couldn't capture both, I deferred to Brandon, since it was their last show. Improv is a magic battle between Jack and Rose. Joel added a bunch of really funny stuff as Ruth. Brandon breaks when he sees a banner at the top of the theatre spelled by the sound engineers saying F-A-G.

Includes BCEFA speech and a Goodbye to Brandon speech from Dee. Very emotional audience. So happy to see Brandon get all the love they deserve. ",,,,NFS,Gift at your Discretion,Unrestricted,Bootleg,,,,Full Show,Daryl Roth Theatre,"New York, NY",2026-07-26,https://encora.it/recordings/2008715/,8.15 GB,MP4 + Tracked audio
Video,Two Strangers (Carry a Cake Across New York),American Repertory Theater,"June 1, 2025",Evening,shesmydoctor,"Sam Tutty (Dougal), Christiani Pitts (Robin)",Great unobstructed video,,2026-01-08,,,Never Gift,Unrestricted,Bootleg,"MP4 (HD), 2 files, 7.07gb",,,Full Show,American Repertory Theater - Loeb Drama Center,"Cambridge, MA",2026-07-26,https://encora.it/recordings/2018232/,7.07 GB,.MP4
Video,The Unlikely Pilgrimage of Harold Fry,Chichester Festival Theatre,"May, 2025",Unknown,Jagweed,"Mark Addy (Harold Fry), Jenna Russell (Maureen Fry), Jack Wolfe (The Balladeer), Tarinn Callender (Wilf), Sharon Rose (Garage Girl/Kate), Amy Booth-Steel (Queenie Hennessy/Farmer's Wife), Madeleine Worrall (Sister Philomena/Martina), Don Gallagher (Silver-Haired Gentleman/Mr Napier), Timo Tatzber (Dog/Ensemble), Ben Redfern (Rich/Ensemble), Ralph Birtwell (Rex/Ensemble), Jacqueline Hughes (Ensemble), Nell Martin (Ensemble), Anu Ogunmefun (Ensemble)","Filmed in 4K. External audio used. An amazing capture of this new musical before its West End transfer, possibly without Wolfe. Shot from the side. Some brief focus issues, nothing major. Recording includes the curtain call and a shot of the outside of the theatre.",,2026-05-31,,NFS,Never Gift,Unrestricted,Bootleg,MP4 - 8.47 GB,,,Full Show,Chichester Festival Theatre - Minerva Theatre,"Chichester, United Kingdom",2026-07-28,https://encora.it/recordings/2022829/,8.47 GB,MP4
Video,Urinetown,Encores!,"February 9, 2025",Evening,bikinibottomday,"Jordan Fisher (Bobby Strong), Stephanie Styles (Hope Cladwell), Greg Hildreth (Officer Lockstock), Pearl Scarlett Gold (Little Sally), Tiffany Mann (u/s Penelope Pennywise), Rainn Wilson (Caldwell B. Cladwell), Josh Breckenridge (Senator Fipp), Christopher Fitzgerald (Officer Barrel), Myra Lucretia Taylor (Josephine Strong/Old Woman), Jenni Barber (Little Becky Two Shoes/Mrs. Millennium), Kevin Cahoon (Old Man Strong/Hot Blades Harry), Jeff Hiller (Mr. McQueen), John Yi (Dr. Billeaux/Tiny Tom), Geena Quintos (s/w Soupy Sue), Yeman Brown (Billy Boy Bill), Daniel Quadrino (Robby The Stockfish), Graham Rowat (Five-Times Johnny/UGC Executive)","Excellent 4K capture of this lovely show! Some minor head obstruction on the left that blocks off a few moments of action but is mostly worked around well. Some wandering and unfocusing throughout. Includes curtain call, audio fed from external source.",,2025-08-17,,,Never Gift,Unrestricted,Bootleg,4K MP4 (8.64GB),4K MP4 [ 8.64GB ],,Full Show,New York City Center - Mainstage,"New York, NY",2026-08-16,https://encora.it/recordings/2010704/,10.46GB,4K MP4
Video,Waitress,Broadway,"April, 2019",Unknown,StarCuffedJeans,"Shoshana Bean (Jenna), Charity Angél Dawson (Becky), Molly Jobe (u/s Dawn), Jeremy Jordan (Dr. Pomatter), Eddie Jemison (Ogie), Benny Elledge (Cal), Larry Marshall (Joe), Ben Thompson (Earl), Melody A. Betts (Nurse Norma), Stephanie Torns (Francine Pomatter), Tess Murphy (Lulu), Molly Hager (Mother), Dan Tracy (Father)","A nearly perfect video and ABSOLUTELY PERFECT performance. Small obstructions occur at Joe's table (but who cares) and during Negative. The rest of show, however, is captured gorgeously (and this time not diagonally). The video is very Shoshana focused, but I try to give everyone (yes, Jeremy too) their moments. The colors are absolutely vivid and I was trying new stabilization settings on my camera and god I'm gonna keep it this way. Do not list this video with an exact date.",,2019-10-03,,,Gift at your Discretion,Unrestricted,Bootleg,,MP4 [ 18.72 GB ],,Full Show,Brooks Atkinson Theatre,"New York, NY",2026-08-08,https://encora.it/recordings/9394/,18.72 GB,MP4
Video,Waitress,Broadway,"March 30, 2016",Evening,SunsetBlvd79,"Jessie Mueller (Jenna), Keala Settle (Becky), Kimiko Glenn (Dawn), Drew Gehling (Dr. Pomatter), Christopher Fitzgerald (Ogie), Eric Anderson (Cal), Dakin Matthews (Joe), Nick Cordero (Earl), Charity Angél Dawson (Nurse Norma)",,"Beautiful capture of this stunning Broadway transfer. This is the performance where the set broke and Sara Bareilles came out while it was being fixed. She sang a cut song from the show and Part of Your World and talked with the audience, which is included. A+",,,,Gift at your Discretion,Unrestricted,Bootleg,,,,Full Show,Brooks Atkinson Theatre,"New York, NY",2026-07-26,https://encora.it/recordings/236/,N/A,N/A
Video,Waitress,UK & Ireland Tour,"April, 2026",Unknown,AndrewLloydWebbersiPad,"Carrie Hope Fletcher (Jenna), Sandra Marvin (Becky), Evelyn Hoskins (Dawn), Dan Partridge (Dr. Pomatter), Mark Anderson (Ogie), Dan O'Brien (Cal), Les Dennis (Joe), Mark Willshire (Earl), David Mairs-McKenzie (Ensemble)","Like when Joseph interpreted Pharaoh's dreams, this musical, too, is filled with endless wheat, making us well fed in terms of quality.

might be the only recording of the reduced staging version
Occasionally restricted and overexposed, this theatre has beef with me",,2027-01-09,,NFS,Gift at your Discretion,Unrestricted,Bootleg,,,,Full Show,,"Brighton, United Kingdom",2026-08-01,https://encora.it/recordings/2035534/,5.35 GB,MP4
Video,Water for Elephants,Broadway,"May 23, 2024",Evening,bikinibottomday,"Grant Gustin (Jacob Jankowski), Gregg Edelman (Mr. Jankowski), Isabelle McCalla (Marlena), Paul Alexander Nolan (August), Stan Brown (Camel), Joe De Paul (Walter), Sara Gettelfinger (Barbara), Wade McCollum (Wade), Keaton Hentoff-Killian (u/s Silver Star), Alexandra Gaelle Royer (Ensemble), Rachael Boyd (s/w Ensemble), Matthew Varvar (Ensemble), Sean Stack (Ensemble), Charles South (Ensemble), Marissa Rosen (Ensemble), Samuel Renaud (Ensemble), Michael Mendez (Ensemble), Caroline Kane (Ensemble), Nicolas Jelmoni (Ensemble), Harley McLeish (s/w Ensemble), Isabella Luisa Diaz (Ensemble), Gabriel Olivera De Paula Costa (Ensemble), Taylor Colleton (Ensemble), Paul Castree (Ensemble)","Excellent 4K capture of this new musical! Two short blackouts (about 30 seconds total) during Act Two. Act Two starts 30 seconds late. Some moments of wandering and unfocusing. Includes curtain call, audio is fed from external source.",,2024-11-17,,,Never Gift,Unrestricted,Bootleg,MP4 (4K) - 10.9 GB,10.96 gb,,Full Show,Imperial Theatre,"New York, NY",2026-07-22,https://encora.it/recordings/2000223/,10.96 GB,MP4 (4K)
Video,West Side Story,"Volksoper, Wien","March, 2024",Evening,AugustusGloopApologist,"Anton Zetterholm (Tony), Jaye Simmons (Maria), Oliver Liebl (Riff), Myrthes Monteiro (Anita), Alex Snova (u/s Bernardo), Peter Lesiak (Action), James Park (Chino), Liam Solbjerg (Baby John), Rico Salathe (A-Rab), Oliver Floris (Diesel), Melanie Bohm (Anybodys), Nicolaus Hagg (Lt. Schrank), Axel Herrig (Doc), Tobias Voigt (Officer Krupke), Teresa Jentsch (Graziella), Sophia Gorgi (Rosalia), Jakob Semotan (e/c Glad Hand), David Eisinger (Snow Boy), Eva Zamostny (Velma), Malick Afocozi (Pepe), Danai Maria Simantiri (Francisca), Wei-Ken Liao (Luis), Dario Scaturro (Indio), Emilio Moreno Arias (Anxious), Ilvy Schultschik (Minnie), Fin Holzwart (Gee-tar), William Briscoe-Peake (u/s Nibbles), Roberta Monção (Teresita), Jaime Lee Rodney (Juano), Tara Randell (Clarice), Jessica Scorpio (Estella), Elies de Vries (Margarita), Michael Postmann (Mouthpiece), Kevin O'Dwyer (Professor), Emilija Williams (A child), Anneke Brunekreeft (Ensemble), Josefine Tyler (Ensemble), Bernadette Leitner (Ensemble), Claudia Artner (Ensemble), Kevin Perry (Ensemble), Maura Oricchio (Ensemble), Bianca Pizzagalli (Ensemble)",,"Filmed under very difficult circumstances (uncontrolled old people). Shot inbetween two heads so theres obstruction on the sides for most of the show, part of some scenes are completely obstructed because of this. Captures a great part of the main action though. Dialogue in German, Songs in English.

NFT until  July 15, 2024 except through AugustusGloopApologist and nichtsnichtsgarnichts",2024-07-15,,NFS,Gift at your Discretion,Unrestricted,Bootleg,mp4,MP4 [ 7.64 GB ],,Full Show,Volksoper,"Vienna, Austria",2026-08-08,https://encora.it/recordings/1156917/,7.64 GB,MP4
Video,West Side Story,Leicester Curve,"December, 2019",Evening,hitmewithyourbethshot,"Jamie Muscato (Tony), Adriana Ivelisse (Maria), Ronan Burns (Riff), Carly Mercedes Dyer (Anita), Jonathan Hermosa-Lopez (Bernardo), Isaac Gryn (Action), Damian Buhagiar (Chino), Alex Christian (Baby John), Ryan Anderson (A-Rab), Michael O'Reilly (Diesel), Beth Hinton-Lever (Anybodys), Dale White (Big Deal), Darren Bennett (Lt. Schrank/Glad Hand), Christopher Wright (Doc/Officer Krupke), Thea Bunting (Graziella), Mireia Mambo (Rosalia), Katie Lee (Velma), Richard Appiah-Sarpong (Pepe), Dominic Sibanda (Indio), Abigail Climer (Consuelo)",,,2020-05-13,,,Gift at your Discretion,Unrestricted,Bootleg,,MTS [ 13.33 GB ],,Full Show,Curve Theatre,"Leicester, United Kingdom",2026-08-10,https://encora.it/recordings/31186/,13.3 GB,MTS
Video,West Side Story,Hollywood Bowl,"July 19, 2016",Evening,SJ Bernly,"Jeremy Jordan (Tony), Solea Pfeiffer (Maria), Matthew James Thomas (Riff), Karen Olivo (Anita), George Akram (Bernardo), Drew Wildman Foster (Action), Jose Moreno Brooks (Chino), Kyle Selig (Baby John), Anthony Chatmon II (A-Rab), Jeff Smith (Diesel), Mike Schwitter (Big Deal), Kevin Chamberlin (Officer Krupke), Jennifer Sánchez (Rosalia), Erica Dorfler (Consuelo)",,"This concert version of the show is abridged with shortened scenes, simple costumes, and no sets or choreography, but Jeremy, Solea, and Karen are absolutely phenomenal with soaring vocals and emotional performances. Very well captured with no dropouts, no obstruction, and no washout. The stage is filmed directly most of the time; the screens are occasionally filmed, usually when the actors are not onstage. It's filmed in 16:9, with a mix of wides, mediums, and close-ups. The sound is excellent. Includes curtain call and playbill scans.",,,,Gift at your Discretion,Unrestricted,Bootleg,,,,Full Show,Hollywood Bowl,"Los Angeles, CA",2026-07-20,https://encora.it/recordings/1440/,5.88 GB,VOBs + smalls
Video,The Who's Tommy,First Broadway Revival,"May 28, 2024",Evening,bikinibottomday,"Ali Louis Bourzgui (Tommy), Olive Ross-Kline (Tommy Age 4), Reese Levine (Tommy Age 10), Alison Luff (Mrs. Walker), Adam Jacobs (Captain Walker), John Ambrosino (Uncle Ernie), Bobby Conte Thornton (Cousin Kevin), Alexandra Matteo (u/s Sally Simpson), Christina Sajous (The Acid Queen), Aliah James (Nurse), Jenna Nicole Schoen (Nurse/Mrs. Simpson), Nathan Lucrezio (Lover/Mr. Simpson), Sheldon Henry (Hawker/Judge/Specialist), Daniel Quadrino (Harmonica Player), Ronnie S Bowman Jr. (Minister), Tyler Eisenreich (DJ/Commanding Officer/News Vendor), Dee Tomasetta (s/w Head Nurse), Lily Kren (Psychiatrist), Mark Mitrano (First Pinball Lad), Jeremiah Alsop (Second Pinball Lad), Tassy Kirbas (Ensemble), Reagan Pender (Ensemble), Andrew Tufano (Ensemble)","Excellent 4K capture of this brilliant new revival! Minor head obstruction on the bottom which blocks off very little. Some moments of wandering and unfocusing. Some washout on the wider shots. Includes curtain call, audio fed from external source.",,2024-12-02,,,Never Gift,Unrestricted,Bootleg,MP4 (4K) - 8.26 GB,,,Full Show,Nederlander Theatre,"New York, NY",2026-07-26,https://encora.it/recordings/2005673/,8.26 GB,MP4 (4K)
Video,Wicked,Broadway,"September, 2019",Unknown,StarCuffedJeans,"Hannah Corneau (Elphaba), Brittney Johnson (s/b Glinda), Kyle Dean Massey (t/r Fiyero), Michael McCormick (The Wizard), Nancy Opel (Madame Morrible), Gizel Jimenez (Nessarose), Jesse JP Johnson (Boq), Jamie Jackson (Doctor Dillamond), Chase Madigan (Chistery), Christianne Tisdale (Midwife), Courtney Iventosch (Witch's Mother)",,"Excellent HD capture of Broadway's first Black Glinda and the first Elphaba to have never played the role before in over half a decade! A very Elphaba and Glinda-centric video, it's filmed from the left orchestra with a mix of wides, mediums, and many closeups, with occasional dropouts due to ushers. A bit shaky throughout. Both acts start a minute in. Please do not post screenshots of this video on Twitter ever. Gifs on Tumblr are okay after the NFT date, but don't go linking things to actors and shows.",2020-04-25,,,Gift at your Discretion,Unrestricted,Bootleg,MP4 (HD) - 6.53 GB,,,Full Show,Gershwin Theatre,"New York, NY",2026-07-26,https://encora.it/recordings/27880/,6.5 GB,MP4
Video,Wicked,Broadway,"August 17, 2005",Evening,jstarz,"Shoshana Bean (Elphaba), Megan Hilty (Glinda), David Ayers (Fiyero), Ben Vereen (The Wizard), Adinah Alexander (u/s Madame Morrible), Megan Sikora (u/s Nessarose), Jeffrey Kuhn (Boq), Sean McCourt (Doctor Dillamond)",,"About five minutes worth of cover-ups at the beginning (you see Glinda's entrance) because of latecomers and a few more random ones during the first Act. The first few minutes of the second Act are similar to those of Act One. No obstructions, and incredible close-ups. There are 1-disk and 2-disk versions of this video, so check before trading.",,,,Gift at your Discretion,Unrestricted,Bootleg,,,,Full Show,Gershwin Theatre,"New York, NY",2026-07-26,https://encora.it/recordings/137/,6.06 GB,VOBs + smalls
Video,Wicked,Broadway,"March, 2020 (2)",Unknown,StarCuffedJeans,"Lindsay Heather Pearce (Elphaba), Brittney Johnson (s/b Glinda), Sam Gravitte (Fiyero), Michael McCormick (The Wizard), Alexandra Billings (Madame Morrible), Shoba Narayan (Nessarose), Riley Costello (Boq), Michael X. Martin (Doctor Dillamond), Chase Madigan (Chistery), Christianne Tisdale (Midwife), Courtney Iventosch (Witch's Mother), Bret Shuford (s/w Witch's Father/s/w Ozian Official)",,"It's definitely not my best Wicked video, but it's okay, and there's a severe lack of Lindsay content out there right now and it's free so basically you get what you get and I'd prefer if you don't get upset.",2021-11-01,,,Gift at your Discretion,Unrestricted,Bootleg,MP4 (HD),MP4 [ 6.46 GB ],,Full Show,Gershwin Theatre,"New York, NY",2026-08-16,https://encora.it/recordings/1110143/,6.46 GB,MP4
